,subspecies,island,site_name,subject_group,image_name,subject_id,presence_absence,count_male-lek,count_male-no-lek,count_others,count_partial,count_total,quality,condition,comment,median_count,mean_count,mode_count,users,sum_annotations_count,annotations_count,dbscan_count_sil,HDBSCAN_count,eps,min_cluster_size,max_cluster_size,noise_points
0,A. c. venustissimus,Española,Gardner Islet,Gardner Islet,EGI01-1-2_120.jpg,72332801,N,0,0,0,0,0,0,0,0,0.0,0.0,0.0,0.0,0.0,0,0.0,0.0,0.0,0.0,0,0.0
1,A. c. venustissimus,Española,Gardner Islet,Gardner Islet,EGI01-1-2_121.jpg,72332802,N,0,0,0,0,0,0,0,0,0.0,0.0,0.0,0.0,0.0,0,0.0,0.0,0.0,0.0,0,0.0
2,A. c. venustissimus,Española,Gardner Islet,Gardner Islet,EGI01-2-2_116.jpg,72332876,N,0,0,0,0,0,0,0,0,0.0,0.0,0.0,0.0,0.0,0,0.0,0.0,0.0,0.0,0,0.0
3,A. c. venustissimus,Española,Gardner Islet,Gardner Islet,EGI02-2_114.jpg,72332972,N,0,0,0,0,0,0,0,0,0.0,0.0,0.0,0.0,0.0,0,0.0,0.0,0.0,0.0,0,0.0
4,A. c. venustissimus,Española,Gardner Islet,Gardner Islet,EGI02-2_36.jpg,72332999,N,0,0,0,0,0,0,0,0,0.0,0.0,0.0,0.0,0.0,0,0.0,0.0,0.0,0.0,0,0.0
5,A. c. venustissimus,Española,Gardner Islet,Gardner Islet,EGI02-2_55.jpg,72333006,N,0,0,0,0,0,0,0,0,0.0,0.0,0.0,0.0,0.0,0,0.0,0.0,0.0,0.0,0,0.0
6,A. c. venustissimus,Española,Gardner Islet,Gardner Islet,EGI02-2_87.jpg,72333021,N,0,0,0,0,0,0,0,0,0.0,0.0,0.0,0.0,0.0,0,0.0,0.0,0.0,0.0,0,0.0
7,A. c. venustissimus,Española,Gardner Islet,Gardner Islet,EGI03_48.jpg,72333060,N,0,0,0,0,0,0,0,0,0.0,0.0,0.0,0.0,0.0,0,0.0,0.0,0.0,0.0,0,0.0
8,A. c. venustissimus,Española,Gardner Islet,Gardner Islet,EGI03-2-1_35.jpg,72333108,N,0,0,0,0,0,0,0,0,0.0,0.0,0.0,0.0,0.0,0,0.0,0.0,0.0,0.0,0,0.0
9,A. c. venustissimus,Española,Gardner Islet,Gardner Islet,EGI03-2-2_29.jpg,72333161,N,0,0,0,0,0,0,0,0,0.0,0.0,0.0,0.0,0.0,0,0.0,0.0,0.0,0.0,0,0.0
10,A. c. venustissimus,Española,Gardner Islet,Gardner Islet,EGI04-1_141.jpg,72333244,Y,0,1,2,0,3,Good,Visible,0,1.0,1.64,1.0,22.0,36.0,"[1, 1, 1, 1, 1, 1, 1, 1, 1, 1, 1, 1, 1, 2, 2, 2, 2, 2, 3, 3, 3, 4]",2.0,3.0,0.0,5.0,0,0.0
11,A. c. venustissimus,Española,Gardner Islet,Gardner Islet,EGI04-2_106.jpg,72333316,N,0,0,0,0,0,0,0,0,0.0,0.0,0.0,0.0,0.0,0,0.0,0.0,0.0,0.0,0,0.0
12,A. c. venustissimus,Española,Gardner Islet,Gardner Islet,EGI06-2_61.jpg,72333547,N,0,0,0,0,0,0,0,0,0.0,0.0,0.0,0.0,0.0,0,0.0,0.0,0.0,0.0,0,0.0
13,A. c. venustissimus,Española,Gardner Islet,Gardner Islet,EGI08-1_83.jpg,72333734,N,0,0,0,0,0,0,0,0,0.0,0.0,0.0,0.0,0.0,0,0.0,0.0,0.0,0.0,0,0.0
14,A. c. venustissimus,Española,Gardner Islet,Gardner Islet,EGI08-2_78.jpg,72333835,Y,0,1,0,0,1,Good,Visible,0,1.0,1.0,1.0,12.0,12.0,"[1, 1, 1, 1, 1, 1, 1, 1, 1, 1, 1, 1]",0.0,1.0,0.0,5.0,0,7.0
15,A. c. venustissimus,Española,Gardner Islet,Gardner Islet,EGI09-1_142.jpg,72333880,N,0,0,0,0,0,0,0,0,0.0,0.0,0.0,0.0,0.0,0,0.0,0.0,0.0,0.0,0,0.0
16,A. c. venustissimus,Española,Gardner Islet,Gardner Islet,EGI09-1_153.jpg,72333891,N,0,0,0,0,0,0,0,0,0.0,0.0,0.0,0.0,0.0,0,0.0,0.0,0.0,0.0,0,0.0
17,A. c. venustissimus,Española,Gardner Islet,Gardner Islet,EGI09-1_326.jpg,72334007,N,0,0,0,0,0,0,0,0,0.0,0.0,0.0,0.0,0.0,0,0.0,0.0,0.0,0.0,0,0.0
18,A. c. venustissimus,Española,Gardner Islet,Gardner Islet,EGI09-2_175.jpg,72334078,N,0,0,0,0,0,0,0,0,0.0,0.0,0.0,0.0,0.0,0,0.0,0.0,0.0,0.0,0,0.0
19,A. c. venustissimus,Española,Gardner Islet,Gardner Islet,EGI09-2_488.jpg,72334220,N,0,0,0,0,0,0,0,0,0.0,0.0,0.0,0.0,0.0,0,0.0,0.0,0.0,0.0,0,0.0
20,A. c. venustissimus,Española,Gardner Islet,Gardner Islet,EGI09-3_157.jpg,72334265,N,0,0,0,0,0,0,0,0,0.0,0.0,0.0,0.0,0.0,0,0.0,0.0,0.0,0.0,0,0.0
21,A. c. venustissimus,Española,Gardner Islet,Gardner Islet,EGI09-3_348.jpg,72334346,N,0,0,0,0,0,0,0,0,0.0,0.0,0.0,0.0,0.0,0,0.0,0.0,0.0,0.0,0,0.0
22,A. c. venustissimus,Española,Gardner Islet,Gardner Islet,EGI10-1_146.jpg,72334424,N,0,0,0,0,0,0,0,0,0.0,0.0,0.0,0.0,0.0,0,0.0,0.0,0.0,0.0,0,0.0
23,A. c. venustissimus,Española,Gardner Islet,Gardner Islet,EGI10-1_277.jpg,72334465,N,0,0,0,0,0,0,0,0,0.0,0.0,0.0,0.0,0.0,0,0.0,0.0,0.0,0.0,0,0.0
24,A. c. venustissimus,Española,Gardner Islet,Gardner Islet,EGI10-1_320.jpg,72334495,N,0,0,0,0,0,0,0,0,0.0,0.0,0.0,0.0,0.0,0,0.0,0.0,0.0,0.0,0,0.0
25,A. c. venustissimus,Española,Gardner Islet,Gardner Islet,EGI10-2_114.jpg,72334531,N,0,0,0,0,0,0,0,0,0.0,0.0,0.0,0.0,0.0,0,0.0,0.0,0.0,0.0,0,0.0
26,A. c. venustissimus,Española,Gardner Islet,Gardner Islet,EGI10-2_63.jpg,72334600,N,0,0,0,0,0,0,0,0,0.0,0.0,0.0,0.0,0.0,0,0.0,0.0,0.0,0.0,0,0.0
27,A. c. venustissimus,Española,Gardner Islet,Gardner Islet,EGI10-2_76.jpg,72334605,N,0,0,0,0,0,0,0,0,0.0,0.0,0.0,0.0,0.0,0,0.0,0.0,0.0,0.0,0,0.0
28,A. c. venustissimus,Española,Gardner Islet,Gardner Islet,EGI10-3_255.jpg,72334654,N,0,0,0,0,0,0,0,0,0.0,0.0,0.0,0.0,0.0,0,0.0,0.0,0.0,0.0,0,0.0
29,A. c. venustissimus,Española,Gardner Islet,Gardner Islet,EGI10-3_52.jpg,72334674,N,0,0,0,0,0,0,0,0,0.0,0.0,0.0,0.0,0.0,0,0.0,0.0,0.0,0.0,0,0.0
30,A. c. venustissimus,Española,Gardner Islet,Gardner Islet,EGI11-1_219.jpg,72334727,N,0,0,0,0,0,0,0,0,0.0,0.0,0.0,0.0,0.0,0,0.0,0.0,0.0,0.0,0,0.0
31,A. c. venustissimus,Española,Gardner Islet,Gardner Islet,EGI11-2_395.jpg,72334972,N,0,0,0,0,0,0,0,0,0.0,0.0,0.0,0.0,0.0,0,0.0,0.0,0.0,0.0,0,0.0
32,A. c. venustissimus,Española,Gardner Islet,Gardner Islet,EGI11-2_67.jpg,72335070,N,0,0,0,0,0,0,0,0,0.0,0.0,0.0,0.0,0.0,0,0.0,0.0,0.0,0.0,0,0.0
33,A. c. venustissimus,Española,Gardner Islet,Gardner Islet,EIG05-1_84.jpg,72335125,N,0,0,0,0,0,0,0,0,0.0,0.0,0.0,0.0,0.0,0,0.0,0.0,0.0,0.0,0,0.0
34,A. c. venustissimus,Española,Gardner Islet,Gardner Islet,EPGI07-1_263.jpg,72335251,N,0,0,0,0,0,0,0,0,0.0,0.0,0.0,0.0,0.0,0,0.0,0.0,0.0,0.0,0,0.0
35,A. c. venustissimus,Española,Gardner Islet,Gardner Islet,EPGI07-1_37.jpg,72335266,N,0,0,0,0,0,0,0,0,0.0,0.0,0.0,0.0,0.0,0,0.0,0.0,0.0,0.0,0,0.0
36,A. c. venustissimus,Española,Gardner Islet,Gardner Islet,EPGI07-1_73.jpg,72335285,N,0,0,0,0,0,0,0,0,0.0,0.0,0.0,0.0,0.0,0,0.0,0.0,0.0,0.0,0,0.0
37,A. c. venustissimus,Española,Gardner Islet,Gardner Islet,EPGI07-2_08.jpg,72335303,N,0,0,0,0,0,0,0,0,0.0,0.0,0.0,0.0,0.0,0,0.0,0.0,0.0,0.0,0,0.0
38,A. c. venustissimus,Española,Punta Suarez,Punta Suarez,EPS01_28.jpg,72335422,Y,0,1,0,0,1,Good,Visible,0,1.0,1.5,1.0,8.0,12.0,"[1, 1, 1, 1, 1, 1, 1, 5]",2.0,1.0,0.0,5.0,0,7.0
39,A. c. venustissimus,Española,Punta Suarez,Punta Suarez,EPS01_41.jpg,72335435,Y,0,0,1,2,1,Good,Visible,0,2.0,1.67,2.0,15.0,25.0,"[1, 1, 1, 1, 1, 2, 2, 2, 2, 2, 2, 2, 2, 2, 2]",2.0,2.0,0.0,5.0,0,0.0
40,A. c. venustissimus,Española,Punta Suarez,Punta Suarez,EPS02_108.jpg,72335473,N,0,0,0,0,0,0,0,0,0.0,0.0,0.0,0.0,0.0,0,0.0,0.0,0.0,0.0,0,0.0
41,A. c. venustissimus,Española,Punta Suarez,Punta Suarez,EPS02_208.jpg,72335541,Y,0,1,1,3,2,Good,Visible,0,2.0,2.19,2.0,21.0,46.0,"[1, 1, 1, 2, 2, 2, 2, 2, 2, 2, 2, 2, 2, 2, 2, 2, 2, 2, 2, 4, 7]",4.0,2.0,0.0,5.0,0,7.0
42,A. c. venustissimus,Española,Punta Suarez,Punta Suarez,EPS02_38.jpg,72335546,N,0,0,0,0,0,0,0,0,0.0,0.0,0.0,0.0,0.0,0,0.0,0.0,0.0,0.0,0,0.0
43,A. c. venustissimus,Española,Punta Suarez,Punta Suarez,EPS02_55.jpg,72335554,N,0,0,0,0,0,0,0,0,0.0,0.0,0.0,0.0,0.0,0,0.0,0.0,0.0,0.0,0,0.0
44,A. c. venustissimus,Española,Punta Suarez,Punta Suarez,EPS03_24.jpg,72335585,N,0,0,0,0,0,0,0,0,0.0,0.0,0.0,0.0,0.0,0,0.0,0.0,0.0,0.0,0,0.0
45,A. c. venustissimus,Española,Punta Suarez,Punta Suarez,EPS03_35.jpg,72335594,Y,1,0,2,0,3,Good,Visible,0,3.0,2.61,3.0,18.0,47.0,"[1, 1, 1, 2, 3, 3, 3, 3, 3, 3, 3, 3, 3, 3, 3, 3, 3, 3]",3.0,3.0,0.0,5.0,0,4.0
46,A. c. venustissimus,Española,Punta Suarez,Punta Suarez,EPS03_70.jpg,72335629,Y,1,0,13,1,14,Good,Visible,0,14.0,13.55,15.0,22.0,298.0,"[6, 8, 11, 11, 11, 13, 13, 13, 14, 14, 14, 14, 14, 15, 15, 15, 15, 15, 16, 16, 17, 18]",8.0,16.0,0.0,5.0,0,21.0
47,A. c. venustissimus,Española,Punta Suarez,Punta Suarez,EPS03_75.jpg,72335634,Y,0,0,1,1,1,Good,Visible,0,1.0,1.71,1.0,7.0,12.0,"[1, 1, 1, 1, 1, 3, 4]",0.0,1.0,0.0,5.0,0,7.0
48,A. c. venustissimus,Española,Punta Suarez,Punta Suarez,EPS04-1_136.jpg,72335681,Y,0,0,3,0,3,Good,Visible,0,3.0,3.19,3.0,16.0,51.0,"[3, 3, 3, 3, 3, 3, 3, 3, 3, 3, 3, 3, 3, 3, 3, 6]",2.0,3.0,0.0,5.0,0,2.0
49,A. c. venustissimus,Española,Punta Suarez,Punta Suarez,EPS04-1_149.jpg,72335688,N,0,0,0,0,0,0,0,0,0.0,0.0,0.0,0.0,0.0,0,0.0,0.0,0.0,0.0,0,0.0
50,A. c. venustissimus,Española,Punta Suarez,Punta Suarez,EPS05-1_167.jpg,72335867,N,0,0,0,0,0,0,0,0,0.0,0.0,0.0,0.0,0.0,0,0.0,0.0,0.0,0.0,0,0.0
51,A. c. venustissimus,Española,Punta Suarez,Punta Suarez,EPS05-2_98.jpg,72335930,Y,0,1,1,0,2,Bad,Visible,0,1.0,1.42,1.0,19.0,27.0,"[1, 1, 1, 1, 1, 1, 1, 1, 1, 1, 1, 1, 1, 1, 1, 1, 2, 2, 7]",1.0,1.0,0.0,5.0,0,22.0
52,A. c. venustissimus,Española,Punta Suarez,Punta Suarez,EPS06-1_130.jpg,72335960,N,0,0,0,0,0,0,0,0,0.0,0.0,0.0,0.0,0.0,0,0.0,0.0,0.0,0.0,0,0.0
53,A. c. venustissimus,Española,Punta Suarez,Punta Suarez,EPS06-1_157.jpg,72335987,N,0,0,0,0,0,0,0,0,0.0,0.0,0.0,0.0,0.0,0,0.0,0.0,0.0,0.0,0,0.0
54,A. c. venustissimus,Española,Punta Suarez,Punta Suarez,EPS06-1_167.jpg,72335995,Y,0,0,1,0,1,Good,Hard,0,0.0,0.0,0.0,0.0,0.0,0,0.0,0.0,0.0,0.0,0,0.0
55,A. c. venustissimus,Española,Punta Suarez,Punta Suarez,EPS06-2_160.jpg,72336110,Y,1,0,1,1,2,Bad,Hard,2 iguanas and 1 partial seen by all,1.0,1.2,1.0,15.0,18.0,"[1, 1, 1, 1, 1, 1, 1, 1, 1, 1, 1, 1, 1, 2, 3]",0.0,1.0,0.0,5.0,0,13.0
56,A. c. venustissimus,Española,Punta Suarez,Punta Suarez,EPS06-2_212.jpg,72336132,Y,0,0,1,0,1,Good,Visible,0,1.0,1.12,1.0,16.0,18.0,"[1, 1, 1, 1, 1, 1, 1, 1, 1, 1, 1, 1, 1, 1, 2, 2]",1.0,1.0,0.0,5.0,0,13.0
57,A. c. venustissimus,Española,Punta Suarez,Punta Suarez,EPS06-2_235.jpg,72336142,Y,0,0,2,1,2,Good,Visible,0,2.0,1.95,2.0,20.0,39.0,"[1, 1, 1, 1, 2, 2, 2, 2, 2, 2, 2, 2, 2, 2, 2, 2, 2, 3, 3, 3]",2.0,2.0,0.0,5.0,0,0.0
58,A. c. venustissimus,Española,Punta Suarez,Punta Suarez,EPS07-1_238.jpg,72336297,Y,0,0,2,0,2,Good,Visible,0,2.0,2.45,2.0,20.0,49.0,"[2, 2, 2, 2, 2, 2, 2, 2, 2, 2, 2, 2, 2, 2, 2, 3, 3, 4, 4, 5]",4.0,3.0,0.0,5.0,0,0.0
59,A. c. venustissimus,Española,Punta Suarez,Punta Suarez,EPS07-1_301.jpg,72336349,Y,1,2,3,1,6,Good,Visible,0,5.0,4.65,5.0,20.0,93.0,"[3, 3, 4, 4, 4, 4, 4, 4, 4, 5, 5, 5, 5, 5, 5, 5, 6, 6, 6, 6]",6.0,5.0,0.0,5.0,0,0.0
60,A. c. venustissimus,Española,Punta Suarez,Punta Suarez,EPS07-1_317.jpg,72336360,N,0,0,0,0,0,0,0,0,0.0,0.0,0.0,0.0,0.0,0,0.0,0.0,0.0,0.0,0,0.0
61,A. c. venustissimus,Española,Punta Suarez,Punta Suarez,EPS07-1_322.jpg,72336365,Y,0,0,2,0,2,Bad,Hard,0,2.0,2.09,2.0,11.0,23.0,"[1, 2, 2, 2, 2, 2, 2, 2, 2, 3, 3]",2.0,2.0,0.0,5.0,0,3.0
62,A. c. venustissimus,Española,Punta Suarez,Punta Suarez,EPS07-1_376.jpg,72336404,Y,0,0,7,1,7,Bad,Hard,0,6.0,5.88,6.0,17.0,100.0,"[1, 4, 4, 4, 5, 5, 5, 6, 6, 6, 6, 7, 7, 8, 8, 8, 10]",9.0,8.0,0.0,5.0,0,6.0
63,A. c. venustissimus,Española,Punta Suarez,Punta Suarez,EPS07-2_171.jpg,72336460,N,0,0,0,0,0,0,0,0,0.0,0.0,0.0,0.0,0.0,0,0.0,0.0,0.0,0.0,0,0.0
64,A. c. venustissimus,Española,Punta Suarez,Punta Suarez,EPS07-2_260.jpg,72336532,Y,0,0,4,0,4,Bad,Hard,1 iguana only Andrea sees; concensus: 4 iguanas seen by all,4.0,3.57,4.0,14.0,50.0,"[2, 3, 3, 3, 3, 4, 4, 4, 4, 4, 4, 4, 4, 4]",4.0,4.0,0.0,5.0,0,1.0
65,A. c. venustissimus,Española,Punta Suarez,Punta Suarez,EPS07-2_293.jpg,72336542,N,0,0,0,0,0,0,0,0,0.0,0.0,0.0,0.0,0.0,0,0.0,0.0,0.0,0.0,0,0.0
66,A. c. venustissimus,Española,Punta Suarez,Punta Suarez,EPS07-2_59.jpg,72336566,N,0,0,0,0,0,0,0,0,0.0,0.0,0.0,0.0,0.0,0,0.0,0.0,0.0,0.0,0,0.0
67,A. c. venustissimus,Española,Punta Suarez,Punta Suarez,EPS08-1_224.jpg,72336687,N,0,0,0,0,0,0,0,0,0.0,0.0,0.0,0.0,0.0,0,0.0,0.0,0.0,0.0,0,0.0
68,A. c. venustissimus,Española,Punta Suarez,Punta Suarez,EPS08-1_289.jpg,72336742,Y,0,1,0,0,1,Good,Visible,0,1.0,1.0,1.0,20.0,20.0,"[1, 1, 1, 1, 1, 1, 1, 1, 1, 1, 1, 1, 1, 1, 1, 1, 1, 1, 1, 1]",2.0,1.0,0.0,5.0,0,15.0
69,A. c. venustissimus,Española,Punta Suarez,Punta Suarez,EPS08-1_351.jpg,72336780,Y,0,0,7,1,7,Good,Visible,0,5.0,4.76,5.0,21.0,100.0,"[2, 2, 3, 4, 4, 4, 4, 4, 5, 5, 5, 5, 5, 5, 5, 6, 6, 6, 6, 7, 7]",4.0,6.0,0.0,5.0,0,5.0
70,A. c. venustissimus,Española,Punta Suarez,Punta Suarez,EPS08-2_230.jpg,72336869,N,0,0,0,0,0,0,0,0,0.0,0.0,0.0,0.0,0.0,0,0.0,0.0,0.0,0.0,0,0.0
71,A. c. venustissimus,Española,Punta Suarez,Punta Suarez,EPS08-2_311.jpg,72336927,Y,0,1,1,0,2,Good,Hard,0,1.0,1.5,1.0,8.0,12.0,"[1, 1, 1, 1, 1, 2, 2, 3]",2.0,2.0,0.0,5.0,0,0.0
72,A. c. venustissimus,Española,Punta Suarez,Punta Suarez,EPS08-2_354.jpg,72336966,N,0,0,0,0,0,0,0,0,0.0,0.0,0.0,0.0,0.0,0,0.0,0.0,0.0,0.0,0,0.0
73,A. c. venustissimus,Española,Punta Suarez,Punta Suarez,EPS08-2_38.jpg,72336992,N,0,0,0,0,0,0,0,0,0.0,0.0,0.0,0.0,0.0,0,0.0,0.0,0.0,0.0,0,0.0
74,A. c. venustissimus,Española,Punta Suarez,Punta Suarez,EPS08-2_390.jpg,72337004,Y,0,1,1,0,2,Good,Visible,0,2.0,2.0,2.0,17.0,34.0,"[2, 2, 2, 2, 2, 2, 2, 2, 2, 2, 2, 2, 2, 2, 2, 2, 2]",2.0,2.0,0.0,5.0,0,0.0
75,A. c. venustissimus,Española,Punta Suarez,Punta Suarez,EPS08-2_469.jpg,72337084,Y,0,2,1,0,3,Good,Hard,0,2.0,2.1,2.0,21.0,44.0,"[2, 2, 2, 2, 2, 2, 2, 2, 2, 2, 2, 2, 2, 2, 2, 2, 2, 2, 2, 2, 4]",2.0,2.0,0.0,5.0,0,2.0
76,A. c. venustissimus,Española,South Coast B,South Coast B,ESCB-2.1-1_06.jpg,72337166,N,0,0,0,0,0,0,0,0,0.0,0.0,0.0,0.0,0.0,0,0.0,0.0,0.0,0.0,0,0.0
77,A. c. venustissimus,Española,South Coast B,South Coast B,ESCB-2.1-1_112.jpg,72337178,N,0,0,0,0,0,0,0,0,0.0,0.0,0.0,0.0,0.0,0,0.0,0.0,0.0,0.0,0,0.0
78,A. c. venustissimus,Española,South Coast B,South Coast B,ESCB-2.1-1_119.jpg,72337185,Y,1,1,5,1,7,Good,Visible,0,5.0,5.25,4.0,20.0,105.0,"[3, 4, 4, 4, 4, 4, 4, 5, 5, 5, 5, 5, 5, 6, 6, 7, 7, 7, 7, 8]",2.0,5.0,0.0,5.0,0,10.0
79,A. c. venustissimus,Española,South Coast B,South Coast B,ESCB-2.1-1_122.jpg,72337188,Y,0,0,1,1,1,Bad,Visible,0,1.0,1.5,1.0,20.0,30.0,"[1, 1, 1, 1, 1, 1, 1, 1, 1, 1, 1, 1, 1, 2, 2, 2, 2, 2, 3, 4]",2.0,2.0,0.0,5.0,0,1.0
80,A. c. venustissimus,Española,South Coast B,South Coast B,ESCB-2.1-1_21.jpg,72337194,N,0,0,0,0,0,0,0,0,0.0,0.0,0.0,0.0,0.0,0,0.0,0.0,0.0,0.0,0,0.0
81,A. c. venustissimus,Española,South Coast B,South Coast B,ESCB-2.1-1_24.jpg,72337197,N,0,0,0,0,0,0,0,0,0.0,0.0,0.0,0.0,0.0,0,0.0,0.0,0.0,0.0,0,0.0
82,A. c. venustissimus,Española,South Coast B,South Coast B,ESCB-2.1-1_46.jpg,72337208,N,0,0,0,0,0,0,0,0,0.0,0.0,0.0,0.0,0.0,0,0.0,0.0,0.0,0.0,0,0.0
83,A. c. venustissimus,Española,South Coast B,South Coast B,ESCB-2.1-1_48.jpg,72337210,N,0,0,0,0,0,0,0,0,0.0,0.0,0.0,0.0,0.0,0,0.0,0.0,0.0,0.0,0,0.0
84,A. c. venustissimus,Española,South Coast B,South Coast B,ESCB-2.1-1_65.jpg,72337227,N,0,0,0,0,0,0,0,0,0.0,0.0,0.0,0.0,0.0,0,0.0,0.0,0.0,0.0,0,0.0
85,A. c. venustissimus,Española,South Coast B,South Coast B,ESCB-2.1-1_67.jpg,72337229,Y,0,1,0,0,1,Good,Visible,0,0.0,0.0,0.0,0.0,0.0,0,0.0,0.0,0.0,0.0,0,0.0
86,A. c. venustissimus,Española,South Coast B,South Coast B,ESCB-2.1-1_70.jpg,72337232,N,0,0,0,0,0,0,0,0,0.0,0.0,0.0,0.0,0.0,0,0.0,0.0,0.0,0.0,0,0.0
87,A. c. venustissimus,Española,South Coast B,South Coast B,ESCB-2.1-1_72.jpg,72337234,Y,0,0,0,2,0,Good,Visible,0,1.0,1.29,1.0,7.0,9.0,"[1, 1, 1, 1, 1, 2, 2]",0.0,1.0,0.0,5.0,0,4.0
88,A. c. venustissimus,Española,South Coast B,South Coast B,ESCB-2.1-1_75.jpg,72337237,Y,0,1,0,0,1,Good,Visible,0,1.0,1.21,1.0,14.0,17.0,"[1, 1, 1, 1, 1, 1, 1, 1, 1, 1, 1, 1, 2, 3]",1.0,1.0,0.0,5.0,0,12.0
89,A. c. venustissimus,Española,South Coast B,South Coast B,ESCB-2.1-1_80.jpg,72337242,Y,0,0,2,1,2,Good,Visible,0,1.5,1.6,1.0,10.0,16.0,"[1, 1, 1, 1, 1, 2, 2, 2, 2, 3]",3.0,2.0,0.0,5.0,0,0.0
90,A. c. venustissimus,Española,South Coast B,South Coast B,ESCB-2.1-1_89.jpg,72337251,Y,0,1,0,0,1,Good,Visible,0,1.0,1.05,1.0,19.0,20.0,"[1, 1, 1, 1, 1, 1, 1, 1, 1, 1, 1, 1, 1, 1, 1, 1, 1, 1, 2]",2.0,1.0,0.0,5.0,0,15.0
91,A. c. venustissimus,Española,South Coast B,South Coast B,ESCB-2.1-2_102.jpg,72337264,N,0,0,0,0,0,0,0,0,0.0,0.0,0.0,0.0,0.0,0,0.0,0.0,0.0,0.0,0,0.0
92,A. c. venustissimus,Española,South Coast B,South Coast B,ESCB-2.1-2_105.jpg,72337267,N,0,0,0,0,0,0,0,0,0.0,0.0,0.0,0.0,0.0,0,0.0,0.0,0.0,0.0,0,0.0
93,A. c. venustissimus,Española,South Coast B,South Coast B,ESCB-2.1-2_111.jpg,72337273,Y,0,0,0,1,0,Good,Visible,0,1.0,1.12,1.0,8.0,9.0,"[1, 1, 1, 1, 1, 1, 1, 2]",0.0,1.0,0.0,5.0,0,4.0
94,A. c. venustissimus,Española,South Coast B,South Coast B,ESCB-2.1-2_112.jpg,72337274,N,0,0,0,0,0,0,0,0,0.0,0.0,0.0,0.0,0.0,0,0.0,0.0,0.0,0.0,0,0.0
95,A. c. venustissimus,Española,South Coast B,South Coast B,ESCB-2.1-2_118.jpg,72337280,Y,0,1,0,1,1,Bad,Visible,0,1.0,1.13,1.0,15.0,17.0,"[1, 1, 1, 1, 1, 1, 1, 1, 1, 1, 1, 1, 1, 2, 2]",0.0,1.0,0.0,5.0,0,12.0
96,A. c. venustissimus,Española,South Coast B,South Coast B,ESCB-2.1-2_37.jpg,72337295,Y,0,1,1,0,2,Good,Visible,0,2.0,1.83,2.0,18.0,33.0,"[1, 1, 1, 1, 2, 2, 2, 2, 2, 2, 2, 2, 2, 2, 2, 2, 2, 3]",2.0,2.0,0.0,5.0,0,0.0
97,A. c. venustissimus,Española,South Coast B,South Coast B,ESCB-2.1-2_39.jpg,72337297,Y,1,1,3,0,5,Good,Visible,1 iguana only Andres sees; concensus: 5 iguanas seen by all,2.0,2.42,2.0,19.0,46.0,"[1, 1, 1, 1, 1, 2, 2, 2, 2, 2, 2, 3, 3, 3, 3, 4, 4, 4, 5]",4.0,4.0,0.0,5.0,0,0.0
98,A. c. venustissimus,Española,South Coast B,South Coast B,ESCB-2.1-2_51.jpg,72337309,Y,0,0,1,0,1,Bad,Hard,0,1.0,1.0,1.0,6.0,6.0,"[1, 1, 1, 1, 1, 1]",0.0,1.0,0.0,5.0,0,1.0
99,A. c. venustissimus,Española,South Coast B,South Coast B,ESCB-2.1-2_52.jpg,72337310,N,0,0,0,0,0,0,0,0,1.0,1.0,1.0,6.0,6.0,"[1, 1, 1, 1, 1, 1]",0.0,1.0,0.0,5.0,0,1.0
100,A. c. venustissimus,Española,South Coast B,South Coast B,ESCB-2.1-2_59.jpg,72337317,Y,0,2,2,0,4,Good,Visible,0,3.0,2.62,4.0,21.0,55.0,"[1, 1, 1, 1, 1, 1, 2, 2, 2, 2, 3, 3, 3, 3, 4, 4, 4, 4, 4, 4, 5]",3.0,4.0,0.0,5.0,0,1.0
101,A. c. venustissimus,Española,South Coast B,South Coast B,ESCB-2.1-2_70.jpg,72337328,N,0,0,0,0,0,0,0,0,0.0,0.0,0.0,0.0,0.0,0,0.0,0.0,0.0,0.0,0,0.0
102,A. c. venustissimus,Española,South Coast B,South Coast B,ESCB-2.1-2_72.jpg,72337330,N,0,0,0,0,0,0,0,0,0.0,0.0,0.0,0.0,0.0,0,0.0,0.0,0.0,0.0,0,0.0
103,A. c. venustissimus,Española,South Coast B,South Coast B,ESCB-2.1-2_94.jpg,72337352,Y,0,1,2,1,3,Good,Visible,0,2.0,2.32,2.0,19.0,44.0,"[1, 1, 1, 1, 2, 2, 2, 2, 2, 2, 2, 2, 3, 3, 3, 3, 4, 4, 4]",2.0,3.0,0.0,5.0,0,0.0
104,A. c. venustissimus,Española,South Coast B,South Coast B,ESCB-2.1-2_95.jpg,72337353,N,0,0,0,0,0,0,0,0,0.0,0.0,0.0,0.0,0.0,0,0.0,0.0,0.0,0.0,0,0.0
105,A. c. venustissimus,Española,South Coast B,South Coast B,ESCB-2.1-2_98.jpg,72337356,Y,0,1,0,1,1,Good,Visible,0,1.0,1.2,1.0,20.0,24.0,"[1, 1, 1, 1, 1, 1, 1, 1, 1, 1, 1, 1, 1, 1, 1, 1, 1, 1, 2, 4]",0.0,1.0,0.0,5.0,0,19.0
106,A. c. venustissimus,Española,South Coast B,South Coast B,ESCB-2.2-1_19.jpg,72337372,N,0,0,0,0,0,0,0,0,0.0,0.0,0.0,0.0,0.0,0,0.0,0.0,0.0,0.0,0,0.0
107,A. c. venustissimus,Española,South Coast B,South Coast B,ESCB-2.2-1_21.jpg,72337374,N,0,0,0,0,0,0,0,0,0.0,0.0,0.0,0.0,0.0,0,0.0,0.0,0.0,0.0,0,0.0
108,A. c. venustissimus,Española,South Coast B,South Coast B,ESCB-2.2-1_24.jpg,72337377,Y,0,0,0,2,0,Good,Visible,0,1.0,1.29,1.0,7.0,9.0,"[1, 1, 1, 1, 1, 1, 3]",0.0,1.0,0.0,5.0,0,4.0
109,A. c. venustissimus,Española,South Coast B,South Coast B,ESCB-2.2-1_36.jpg,72337389,Y,0,3,2,1,5,Good,Visible,0,5.0,4.64,4.0,22.0,102.0,"[2, 2, 4, 4, 4, 4, 4, 4, 4, 4, 5, 5, 5, 5, 5, 5, 5, 5, 6, 6, 7, 7]",4.0,4.0,0.0,5.0,0,1.0
110,A. c. venustissimus,Española,South Coast B,South Coast B,ESCB-2.2-2_04.jpg,72337396,N,0,0,0,0,0,0,0,0,0.0,0.0,0.0,0.0,0.0,0,0.0,0.0,0.0,0.0,0,0.0
111,A. c. venustissimus,Española,South Coast B,South Coast B,ESCB-2.2-2_11.jpg,72337401,N,0,0,0,0,0,0,0,0,0.0,0.0,0.0,0.0,0.0,0,0.0,0.0,0.0,0.0,0,0.0
112,A. c. venustissimus,Española,South Coast B,South Coast B,ESCB-2.2-2_19.jpg,72337409,N,0,0,0,0,0,0,0,0,0.0,0.0,0.0,0.0,0.0,0,0.0,0.0,0.0,0.0,0,0.0
113,A. c. venustissimus,Española,South Coast B,South Coast B,ESCB-2.2-2_31.jpg,72337421,Y,0,1,2,2,3,Good,Visible,0,3.0,2.47,3.0,15.0,37.0,"[1, 1, 1, 1, 2, 2, 2, 3, 3, 3, 3, 3, 3, 3, 6]",4.0,3.0,0.0,5.0,0,0.0
114,A. c. venustissimus,Española,South Coast F,South Coast F,ESCF01-1_07.jpg,72337425,N,0,0,0,0,0,0,0,0,0.0,0.0,0.0,0.0,0.0,0,0.0,0.0,0.0,0.0,0,0.0
115,A. c. venustissimus,Española,South Coast F,South Coast F,ESCF01-1_103.jpg,72337432,Y,1,0,8,0,9,Bad,Visible,0,5.0,5.33,7.0,21.0,112.0,"[1, 1, 2, 3, 3, 3, 4, 4, 4, 5, 5, 6, 7, 7, 7, 7, 7, 7, 8, 9, 12]",7.0,8.0,0.0,5.0,0,6.0
116,A. c. venustissimus,Española,South Coast F,South Coast F,ESCF01-1_110.jpg,72337439,N,0,0,0,0,0,0,0,0,0.0,0.0,0.0,0.0,0.0,0,0.0,0.0,0.0,0.0,0,0.0
117,A. c. venustissimus,Española,South Coast F,South Coast F,ESCF01-1_150.jpg,72337465,Y,1,0,4,0,5,Good,Visible,0,3.0,3.45,3.0,20.0,69.0,"[1, 2, 2, 2, 3, 3, 3, 3, 3, 3, 3, 3, 4, 4, 5, 5, 5, 5, 5, 5]",3.0,4.0,0.0,5.0,0,6.0
118,A. c. venustissimus,Española,South Coast F,South Coast F,ESCF01-1_183.jpg,72337473,Y,0,0,1,0,1,Good,Hard,0,1.0,1.14,1.0,14.0,16.0,"[1, 1, 1, 1, 1, 1, 1, 1, 1, 1, 1, 1, 1, 3]",2.0,1.0,0.0,5.0,0,11.0
119,A. c. venustissimus,Española,South Coast F,South Coast F,ESCF01-1_20.jpg,72337475,N,0,0,0,0,0,0,0,0,0.0,0.0,0.0,0.0,0.0,0,0.0,0.0,0.0,0.0,0,0.0
120,A. c. venustissimus,Española,South Coast F,South Coast F,ESCF01-1_207.jpg,72337476,N,0,0,0,0,0,0,0,0,0.0,0.0,0.0,0.0,0.0,0,0.0,0.0,0.0,0.0,0,0.0
121,A. c. venustissimus,Española,South Coast F,South Coast F,ESCF01-1_22.jpg,72337480,N,0,0,0,0,0,0,0,0,0.0,0.0,0.0,0.0,0.0,0,0.0,0.0,0.0,0.0,0,0.0
122,A. c. venustissimus,Española,South Coast F,South Coast F,ESCF01-1_43.jpg,72337495,N,0,0,0,0,0,0,0,0,0.0,0.0,0.0,0.0,0.0,0,0.0,0.0,0.0,0.0,0,0.0
123,A. c. venustissimus,Española,South Coast F,South Coast F,ESCF01-1_54.jpg,72337506,N,0,0,0,0,0,0,0,0,0.0,0.0,0.0,0.0,0.0,0,0.0,0.0,0.0,0.0,0,0.0
124,A. c. venustissimus,Española,South Coast F,South Coast F,ESCF01-1_55.jpg,72337507,N,0,0,0,0,0,0,0,0,0.0,0.0,0.0,0.0,0.0,0,0.0,0.0,0.0,0.0,0,0.0
125,A. c. venustissimus,Española,South Coast F,South Coast F,ESCF01-1_66.jpg,72337517,Y,0,1,2,0,3,Good,Visible,0,2.0,1.73,2.0,15.0,26.0,"[1, 1, 1, 1, 1, 1, 2, 2, 2, 2, 2, 2, 2, 2, 4]",2.0,2.0,0.0,5.0,0,0.0
126,A. c. venustissimus,Española,South Coast F,South Coast F,ESCF01-1_71.jpg,72337522,Y,0,0,1,0,1,Good,Visible,0,1.0,1.6,1.0,10.0,16.0,"[1, 1, 1, 1, 1, 1, 2, 2, 2, 4]",0.0,1.0,0.0,5.0,0,11.0
127,A. c. venustissimus,Española,South Coast F,South Coast F,ESCF01-1_72.jpg,72337523,N,0,0,0,0,0,0,0,0,0.0,0.0,0.0,0.0,0.0,0,0.0,0.0,0.0,0.0,0,0.0
128,A. c. venustissimus,Española,South Coast F,South Coast F,ESCF01-1_78.jpg,72337529,N,0,0,0,0,0,0,0,0,0.0,0.0,0.0,0.0,0.0,0,0.0,0.0,0.0,0.0,0,0.0
129,A. c. venustissimus,Española,South Coast F,South Coast F,ESCF01-2_04.jpg,72337553,N,0,0,0,0,0,0,0,0,0.0,0.0,0.0,0.0,0.0,0,0.0,0.0,0.0,0.0,0,0.0
130,A. c. venustissimus,Española,South Coast F,South Coast F,ESCF01-2_08.jpg,72337557,Y,0,1,5,2,6,Good,Visible,0,4.0,4.33,5.0,21.0,91.0,"[1, 2, 3, 3, 3, 3, 4, 4, 4, 4, 4, 4, 5, 5, 5, 5, 5, 5, 5, 7, 10]",4.0,4.0,0.0,5.0,0,7.0
131,A. c. venustissimus,Española,South Coast F,South Coast F,ESCF01-2_21.jpg,72337565,Y,0,0,0,1,0,Good,Visible,0,1.0,1.14,1.0,7.0,8.0,"[1, 1, 1, 1, 1, 1, 2]",0.0,1.0,0.0,5.0,0,3.0
132,A. c. venustissimus,Española,South Coast F,South Coast F,ESCF01-2_24.jpg,72337568,Y,1,1,4,1,6,Good,Visible,0,5.0,5.14,4.0,21.0,108.0,"[1, 1, 3, 4, 4, 4, 4, 4, 4, 5, 5, 6, 6, 6, 6, 7, 7, 7, 8, 8, 8]",5.0,6.0,0.0,5.0,0,4.0
133,A. c. venustissimus,Española,South Coast F,South Coast F,ESCF01-2_30.jpg,72337571,Y,0,1,6,0,7,Good,Hard,0,3.0,3.44,4.0,9.0,31.0,"[1, 1, 2, 3, 3, 4, 4, 4, 9]",5.0,3.0,0.0,5.0,0,6.0
134,A. c. venustissimus,Española,South Coast F,South Coast F,ESCF01-2_33.jpg,72337574,Y,0,0,4,2,4,Good,Visible,0,3.0,3.73,3.0,11.0,41.0,"[2, 3, 3, 3, 3, 3, 4, 4, 5, 5, 6]",3.0,4.0,0.0,5.0,0,4.0
135,A. c. venustissimus,Española,South Coast F,South Coast F,ESCF01-2_40.jpg,72337581,Y,0,0,4,3,4,Good,Visible,0,5.0,4.83,7.0,12.0,58.0,"[1, 2, 3, 4, 5, 5, 5, 6, 6, 7, 7, 7]",3.0,4.0,0.0,5.0,0,4.0
136,A. c. venustissimus,Española,South Coast F,South Coast F,ESCF01-2_63.jpg,72337602,N,0,0,0,0,0,0,0,0,0.0,0.0,0.0,0.0,0.0,0,0.0,0.0,0.0,0.0,0,0.0
137,A. c. venustissimus,Española,South Coast F,South Coast F,ESCF01-2_65.jpg,72337604,Y,0,0,6,1,6,Good,Visible,0,7.0,6.65,7.0,20.0,133.0,"[4, 6, 6, 6, 6, 6, 6, 6, 7, 7, 7, 7, 7, 7, 7, 7, 7, 8, 8, 8]",7.0,7.0,0.0,5.0,0,1.0
138,A. c. venustissimus,Española,South Coast F,South Coast F,ESCF01-3_107.jpg,72337618,N,0,0,0,0,0,0,0,0,0.0,0.0,0.0,0.0,0.0,0,0.0,0.0,0.0,0.0,0,0.0
139,A. c. venustissimus,Española,South Coast F,South Coast F,ESCF01-3_123.jpg,72337633,N,0,0,0,0,0,0,0,0,0.0,0.0,0.0,0.0,0.0,0,0.0,0.0,0.0,0.0,0,0.0
140,A. c. venustissimus,Española,South Coast F,South Coast F,ESCF01-3_168.jpg,72337675,N,0,0,0,0,0,0,0,0,0.0,0.0,0.0,0.0,0.0,0,0.0,0.0,0.0,0.0,0,0.0
141,A. c. venustissimus,Española,South Coast F,South Coast F,ESCF01-3_176.jpg,72337679,Y,0,0,2,0,2,Good,Visible,0,2.0,2.0,2.0,6.0,12.0,"[1, 2, 2, 2, 2, 3]",2.0,1.0,0.0,5.0,0,7.0
142,A. c. venustissimus,Española,South Coast F,South Coast F,ESCF01-3_177.jpg,72337680,N,0,0,0,0,0,0,0,0,0.0,0.0,0.0,0.0,0.0,0,0.0,0.0,0.0,0.0,0,0.0
143,A. c. venustissimus,Española,South Coast F,South Coast F,ESCF01-3_226.jpg,72337711,N,0,0,0,0,0,0,0,0,0.0,0.0,0.0,0.0,0.0,0,0.0,0.0,0.0,0.0,0,0.0
144,A. c. venustissimus,Española,South Coast F,South Coast F,ESCF01-3_40.jpg,72337721,Y,0,0,1,0,1,Bad,Hard,0,0.0,0.0,0.0,0.0,0.0,0,0.0,0.0,0.0,0.0,0,0.0
145,A. c. venustissimus,Española,South Coast F,South Coast F,ESCF01-3_48.jpg,72337729,N,0,0,0,0,0,0,0,0,0.0,0.0,0.0,0.0,0.0,0,0.0,0.0,0.0,0.0,0,0.0
146,A. c. venustissimus,Española,South Coast F,South Coast F,ESCF01-3_49.jpg,72337730,N,0,0,0,0,0,0,0,0,0.0,0.0,0.0,0.0,0.0,0,0.0,0.0,0.0,0.0,0,0.0
147,A. c. venustissimus,Española,South Coast F,South Coast F,ESCF01-3_57.jpg,72337738,N,0,0,0,0,0,0,0,0,0.0,0.0,0.0,0.0,0.0,0,0.0,0.0,0.0,0.0,0,0.0
148,A. c. venustissimus,Española,South Coast F,South Coast F,ESCF01-3_77.jpg,72337757,N,0,0,0,0,0,0,0,0,0.0,0.0,0.0,0.0,0.0,0,0.0,0.0,0.0,0.0,0,0.0
149,A. c. venustissimus,Española,South Coast F,South Coast F,ESCF01-3_82.jpg,72337762,N,0,0,0,0,0,0,0,0,0.0,0.0,0.0,0.0,0.0,0,0.0,0.0,0.0,0.0,0,0.0
150,A. c. venustissimus,Española,South Coast F,South Coast F,ESCF01-3_94.jpg,72337774,N,0,0,0,0,0,0,0,0,0.0,0.0,0.0,0.0,0.0,0,0.0,0.0,0.0,0.0,0,0.0
151,A. c. venustissimus,Española,South Coast F,South Coast F,ESCF01-3_97.jpg,72337777,N,0,0,0,0,0,0,0,0,0.0,0.0,0.0,0.0,0.0,0,0.0,0.0,0.0,0.0,0,0.0
152,A. c. venustissimus,Española,South Coast G,South Coast G,ESCG01_105.jpg,72372992,Y,0,0,2,0,2,Bad,Hard,0,1.0,1.36,1.0,14.0,19.0,"[1, 1, 1, 1, 1, 1, 1, 1, 1, 1, 2, 2, 2, 3]",2.0,1.0,0.0,5.0,0,14.0
153,A. c. venustissimus,Española,South Coast G,South Coast G,ESCG01_108.jpg,72372997,Y,0,1,5,1,6,Bad,Hard,0,2.0,2.52,2.0,21.0,53.0,"[1, 1, 1, 2, 2, 2, 2, 2, 2, 2, 2, 2, 3, 3, 3, 3, 3, 4, 4, 4, 5]",3.0,2.0,0.0,5.0,0,14.0
154,A. c. venustissimus,Española,South Coast G,South Coast G,ESCG01_127.jpg,72373023,N,0,0,0,0,0,0,0,0,0.0,0.0,0.0,0.0,0.0,0,0.0,0.0,0.0,0.0,0,0.0
155,A. c. venustissimus,Española,South Coast G,South Coast G,ESCG01_128.jpg,72373025,Y,0,0,0,1,0,Bad,Visible,0,0.0,0.0,0.0,0.0,0.0,0,0.0,0.0,0.0,0.0,0,0.0
156,A. c. venustissimus,Española,South Coast G,South Coast G,ESCG01_129.jpg,72373027,Y,0,1,1,0,2,Bad,Visible,1 iguana only Andrea sees; concensus: 2 iguanas seen by all,1.0,1.42,1.0,12.0,17.0,"[1, 1, 1, 1, 1, 1, 1, 1, 1, 2, 3, 3]",3.0,2.0,0.0,5.0,0,0.0
157,A. c. venustissimus,Española,South Coast G,South Coast G,ESCG01_140.jpg,72373039,N,0,0,0,0,0,0,0,0,0.0,0.0,0.0,0.0,0.0,0,0.0,0.0,0.0,0.0,0,0.0
158,A. c. venustissimus,Española,South Coast G,South Coast G,ESCG01_143.jpg,72373044,Y,1,0,2,0,3,Good,Hard,0,2.0,2.0,3.0,9.0,18.0,"[1, 1, 1, 1, 2, 3, 3, 3, 3]",3.0,1.0,0.0,5.0,0,13.0
159,A. c. venustissimus,Española,South Coast G,South Coast G,ESCG01_146.jpg,72373049,Y,0,1,1,1,2,Good,Visible,0,1.0,1.25,1.0,20.0,25.0,"[1, 1, 1, 1, 1, 1, 1, 1, 1, 1, 1, 1, 1, 1, 1, 2, 2, 2, 2, 2]",2.0,1.0,0.0,5.0,0,20.0
160,A. c. venustissimus,Española,South Coast G,South Coast G,ESCG01_148.jpg,72373053,Y,0,0,1,0,1,Good,Hard,0,0.0,0.0,0.0,0.0,0.0,0,0.0,0.0,0.0,0.0,0,0.0
161,A. c. venustissimus,Española,South Coast G,South Coast G,ESCG01_150.jpg,72373056,Y,0,1,0,0,1,Bad,Visible,0,1.0,1.0,1.0,15.0,15.0,"[1, 1, 1, 1, 1, 1, 1, 1, 1, 1, 1, 1, 1, 1, 1]",2.0,1.0,0.0,5.0,0,10.0
162,A. c. venustissimus,Española,South Coast G,South Coast G,ESCG01_160.jpg,72373074,Y,0,0,0,1,0,Good,Visible,0,0.0,0.0,0.0,0.0,0.0,0,0.0,0.0,0.0,0.0,0,0.0
163,A. c. venustissimus,Española,South Coast G,South Coast G,ESCG01_172.jpg,72373086,Y,0,1,1,1,2,Good,Visible,0,2.0,1.71,2.0,21.0,36.0,"[1, 1, 1, 1, 1, 1, 1, 2, 2, 2, 2, 2, 2, 2, 2, 2, 2, 2, 2, 2, 3]",2.0,2.0,0.0,5.0,0,0.0
164,A. c. venustissimus,Española,South Coast G,South Coast G,ESCG01_184.jpg,72373097,Y,0,0,2,0,2,Good,Visible,0,2.0,2.0,2.0,7.0,14.0,"[1, 1, 2, 2, 2, 3, 3]",2.0,2.0,0.0,5.0,0,0.0
165,A. c. venustissimus,Española,South Coast G,South Coast G,ESCG01_202.jpg,72373120,Y,0,0,1,0,1,Bad,Visible,0,1.0,1.5,1.0,14.0,21.0,"[1, 1, 1, 1, 1, 1, 1, 1, 1, 2, 2, 2, 3, 3]",0.0,1.0,0.0,5.0,0,16.0
166,A. c. venustissimus,Española,South Coast G,South Coast G,ESCG01_214.jpg,72373126,Y,0,0,3,1,3,Good,Visible,0,3.0,2.85,3.0,20.0,57.0,"[1, 2, 2, 2, 2, 2, 2, 3, 3, 3, 3, 3, 3, 3, 3, 3, 4, 4, 4, 5]",3.0,3.0,0.0,5.0,0,0.0
167,A. c. venustissimus,Española,South Coast G,South Coast G,ESCG01_232.jpg,72373144,N,0,0,0,0,0,0,0,0,0.0,0.0,0.0,0.0,0.0,0,0.0,0.0,0.0,0.0,0,0.0
168,A. c. venustissimus,Española,South Coast G,South Coast G,ESCG01_247.jpg,72373151,N,0,0,0,0,0,0,0,0,0.0,0.0,0.0,0.0,0.0,0,0.0,0.0,0.0,0.0,0,0.0
169,A. c. venustissimus,Española,South Coast G,South Coast G,ESCG01_248.jpg,72373152,Y,0,0,6,1,6,Good,Visible,0,4.0,3.73,4.0,15.0,56.0,"[1, 1, 1, 2, 2, 4, 4, 4, 4, 4, 4, 5, 5, 6, 9]",6.0,4.0,0.0,5.0,0,12.0
170,A. c. venustissimus,Española,South Coast G,South Coast G,ESCG01_255.jpg,72373154,N,0,0,0,0,0,0,0,0,0.0,0.0,0.0,0.0,0.0,0,0.0,0.0,0.0,0.0,0,0.0
171,A. c. venustissimus,Española,South Coast G,South Coast G,ESCG01_260.jpg,72373161,Y,0,0,5,2,5,Good,Visible,0,3.0,3.31,2.0,13.0,43.0,"[1, 2, 2, 2, 2, 3, 3, 4, 4, 4, 4, 5, 7]",3.0,2.0,0.0,5.0,0,2.0
172,A. c. venustissimus,Española,South Coast G,South Coast G,ESCG01_261.jpg,72373163,Y,0,0,2,1,2,Good,Visible,0,1.0,1.27,1.0,11.0,14.0,"[1, 1, 1, 1, 1, 1, 1, 1, 2, 2, 2]",2.0,2.0,0.0,5.0,0,0.0
173,A. c. venustissimus,Española,South Coast G,South Coast G,ESCG01_31.jpg,72373186,Y,0,1,2,0,3,Bad,Visible,Amy and Andrea think 1 potential partial is 1 whole iguana,2.0,1.91,1.0,11.0,21.0,"[1, 1, 1, 1, 1, 2, 2, 2, 3, 3, 4]",2.0,2.0,0.0,5.0,0,6.0
174,A. c. venustissimus,Española,South Coast G,South Coast G,ESCG01_321.jpg,72373188,N,0,0,0,0,0,0,0,0,0.0,0.0,0.0,0.0,0.0,0,0.0,0.0,0.0,0.0,0,0.0
175,A. c. venustissimus,Española,South Coast G,South Coast G,ESCG01_75.jpg,72373213,N,0,0,0,0,0,0,0,0,0.0,0.0,0.0,0.0,0.0,0,0.0,0.0,0.0,0.0,0,0.0
176,A. c. venustissimus,Española,South Coast G,South Coast G,ESCG01_79.jpg,72373219,N,0,0,0,0,0,0,0,0,0.0,0.0,0.0,0.0,0.0,0,0.0,0.0,0.0,0.0,0,0.0
177,A. c. venustissimus,Española,South Coast G,South Coast G,ESCG01_99.jpg,72373226,Y,0,0,0,1,0,Bad,Visible,0,1.0,1.46,1.0,13.0,19.0,"[1, 1, 1, 1, 1, 1, 1, 1, 1, 2, 2, 3, 3]",2.0,1.0,0.0,5.0,0,14.0
178,A. c. venustissimus,Española,South Coast G,South Coast G,ESCG02-1_13.jpg,72373241,Y,0,4,13,0,17,Good,Visible,0,11.0,11.75,11.0,20.0,235.0,"[1, 1, 2, 5, 6, 8, 9, 9, 10, 11, 11, 11, 11, 13, 14, 14, 14, 18, 31, 36]",8.0,15.0,0.0,5.0,0,42.0
179,A. c. venustissimus,Española,South Coast G,South Coast G,ESCG02-1_19.jpg,72373250,Y,2,4,29,2,35,Good,Visible,Three iguanas only Andres sees; concenso 35 iguanas seen by Andres and Andrea,30.5,29.9,35.0,20.0,598.0,"[1, 14, 21, 23, 26, 28, 29, 29, 30, 30, 31, 31, 32, 35, 35, 36, 37, 39, 42, 49]",29.0,33.0,0.0,5.0,0,33.0
180,A. c. venustissimus,Española,South Coast G,South Coast G,ESCG02-1_26.jpg,72373260,Y,0,1,3,0,4,Good,Visible,0,3.0,2.9,2.0,20.0,58.0,"[2, 2, 2, 2, 2, 2, 2, 2, 3, 3, 3, 3, 3, 3, 3, 4, 4, 4, 4, 5]",4.0,4.0,0.0,5.0,0,1.0
181,A. c. venustissimus,Española,South Coast G,South Coast G,ESCG02-1_39.jpg,72373278,N,0,0,0,0,0,0,0,0,0.0,0.0,0.0,0.0,0.0,0,0.0,0.0,0.0,0.0,0,0.0
182,A. c. venustissimus,Española,South Coast G,South Coast G,ESCG02-2_08.jpg,72373284,N,0,0,0,0,0,0,0,0,0.0,0.0,0.0,0.0,0.0,0,0.0,0.0,0.0,0.0,0,0.0
183,A. c. venustissimus,Española,South Coast G,South Coast G,ESCG02-2_20.jpg,72373289,Y,0,0,0,1,0,Good,Visible,0,0.0,0.0,0.0,0.0,0.0,0,0.0,0.0,0.0,0.0,0,0.0
184,A. c. venustissimus,Española,South Coast G,South Coast G,ESCG02-2_32.jpg,72373305,N,0,0,0,0,0,0,0,0,0.0,0.0,0.0,0.0,0.0,0,0.0,0.0,0.0,0.0,0,0.0
185,A. c. venustissimus,Española,South Coast G,South Coast G,ESCG02-2_38.jpg,72373315,Y,1,0,7,2,8,Good,Visible,0,6.0,5.65,6.0,17.0,96.0,"[1, 2, 3, 4, 4, 6, 6, 6, 6, 6, 6, 7, 7, 8, 8, 8, 8]",4.0,7.0,0.0,5.0,0,12.0
186,A. c. venustissimus,Española,South Coast G,South Coast G,ESCG02-2_42.jpg,72373321,Y,1,1,18,1,20,Good,Visible,0,15.0,14.84,19.0,19.0,282.0,"[4, 8, 9, 10, 11, 12, 12, 13, 14, 15, 16, 18, 18, 19, 19, 19, 21, 22, 22]",5.0,19.0,0.0,5.0,0,15.0
187,A. c. venustissimus,Española,South Coast G,South Coast G,ESCG02-2_53.jpg,72373336,Y,1,0,12,0,13,Good,Hard,0,6.5,7.17,1.0,18.0,129.0,"[1, 1, 1, 2, 2, 4, 5, 5, 6, 7, 9, 10, 11, 11, 13, 13, 14, 14]",9.0,10.0,0.0,5.0,0,5.0
188,A. c. venustissimus,Española,South Coast G,South Coast G,ESCG02-2_57.jpg,72373342,N,0,0,0,0,0,0,0,0,0.0,0.0,0.0,0.0,0.0,0,0.0,0.0,0.0,0.0,0,0.0
189,A. c. venustissimus,Española,South Coast G,South Coast G,ESCG02-2_63.jpg,72373348,Y,0,1,0,0,1,Good,Visible,0,1.0,1.25,1.0,16.0,20.0,"[1, 1, 1, 1, 1, 1, 1, 1, 1, 1, 1, 1, 2, 2, 2, 2]",2.0,1.0,0.0,5.0,0,15.0
190,A. c. venustissimus,Española,South Coast H,South Coast H,ESCH01-1_28.jpg,72337802,Y,0,2,2,0,4,Good,Visible,0,4.0,3.76,4.0,21.0,79.0,"[2, 3, 3, 3, 3, 4, 4, 4, 4, 4, 4, 4, 4, 4, 4, 4, 4, 4, 4, 4, 5]",4.0,4.0,0.0,5.0,0,0.0
191,A. c. venustissimus,Española,South Coast H,South Coast H,ESCH01-2_122.jpg,72337813,Y,0,1,0,0,1,Bad,Visible,0,1.0,1.12,1.0,17.0,19.0,"[1, 1, 1, 1, 1, 1, 1, 1, 1, 1, 1, 1, 1, 1, 1, 1, 3]",3.0,1.0,0.0,5.0,0,14.0
192,A. c. venustissimus,Española,South Coast H,South Coast H,ESCH01-2_128.jpg,72337819,Y,1,0,20,2,21,Bad,Visible,0,7.0,10.89,7.0,18.0,196.0,"[1, 2, 3, 4, 5, 5, 6, 6, 7, 7, 8, 14, 15, 15, 17, 21, 27, 33]",14.0,15.0,0.0,5.0,0,16.0
193,A. c. venustissimus,Española,South Coast H,South Coast H,ESCH01-2_152.jpg,72337826,Y,0,0,2,0,2,Good,Visible,0,2.0,2.14,2.0,14.0,30.0,"[2, 2, 2, 2, 2, 2, 2, 2, 2, 2, 2, 2, 3, 3]",2.0,2.0,0.0,5.0,0,2.0
194,A. c. venustissimus,Española,South Coast H,South Coast H,ESCH01-2_180.jpg,72337834,Y,0,1,2,0,3,Bad,Hard,0,1.0,1.23,1.0,13.0,16.0,"[1, 1, 1, 1, 1, 1, 1, 1, 1, 1, 2, 2, 2]",2.0,1.0,0.0,5.0,0,11.0
195,A. c. venustissimus,Española,South Coast H,South Coast H,ESCH01-2_181.jpg,72337835,Y,0,0,1,1,1,Bad,Hard,0,1.0,1.33,1.0,6.0,8.0,"[1, 1, 1, 1, 2, 2]",0.0,1.0,0.0,5.0,0,3.0
196,A. c. venustissimus,Española,South Coast H,South Coast H,ESCH01-2_215.jpg,72337847,Y,0,0,1,0,1,Bad,Hard,0,0.0,0.0,0.0,0.0,0.0,0,0.0,0.0,0.0,0.0,0,0.0
197,A. c. venustissimus,Española,South Coast H,South Coast H,ESCH01-2_216.jpg,72337848,N,0,0,0,0,0,0,0,0,0.0,0.0,0.0,0.0,0.0,0,0.0,0.0,0.0,0.0,0,0.0
198,A. c. venustissimus,Española,South Coast H,South Coast H,ESCH01-2_248.jpg,72337854,N,0,0,0,0,0,0,0,0,0.0,0.0,0.0,0.0,0.0,0,0.0,0.0,0.0,0.0,0,0.0
199,A. c. venustissimus,Española,South Coast H,South Coast H,ESCH01-2_370.jpg,72337871,Y,2,2,7,1,11,Bad,Visible,0,11.0,9.71,11.0,21.0,204.0,"[2, 4, 4, 7, 8, 8, 9, 9, 10, 10, 11, 11, 11, 11, 11, 11, 11, 12, 12, 13, 19]",7.0,11.0,0.0,5.0,0,12.0
200,A. c. venustissimus,Española,South Coast H,South Coast H,ESCH01-3_185.jpg,72337926,Y,0,1,2,0,3,Bad,Hard,0,1.0,1.73,1.0,15.0,26.0,"[1, 1, 1, 1, 1, 1, 1, 1, 1, 1, 1, 1, 3, 3, 8]",3.0,2.0,0.0,5.0,0,0.0
201,A. c. venustissimus,Española,South Coast H,South Coast H,ESCH01-3_293.jpg,72337933,Y,0,0,1,0,1,Bad,Hard,0,1.0,1.37,1.0,19.0,26.0,"[1, 1, 1, 1, 1, 1, 1, 1, 1, 1, 1, 1, 1, 2, 2, 2, 2, 2, 3]",2.0,1.0,0.0,5.0,0,21.0
202,A. c. venustissimus,Española,South Coast H,South Coast H,ESCH01-3_365.jpg,72337937,Y,0,0,6,0,6,Bad,Visible,0,4.0,3.62,4.0,13.0,47.0,"[1, 1, 2, 3, 3, 3, 4, 4, 4, 5, 5, 6, 6]",5.0,5.0,0.0,5.0,0,8.0
203,A. c. venustissimus,Española,South Coast H,South Coast H,ESCH01-3_37.jpg,72337938,Y,1,0,8,0,9,Bad,Hard,0,4.0,4.72,4.0,18.0,85.0,"[1, 1, 2, 2, 2, 3, 3, 4, 4, 4, 5, 6, 6, 7, 7, 8, 9, 11]",6.0,7.0,0.0,5.0,0,5.0
204,A. c. venustissimus,Española,South Coast H,South Coast H,ESCH01-3_71.jpg,72337953,Y,0,0,2,0,2,Good,Hard,0,0.0,0.0,0.0,0.0,0.0,0,0.0,0.0,0.0,0.0,0,0.0
205,A. c. venustissimus,Española,South Coast H,South Coast H,ESCH02-1_112.jpg,72337968,Y,1,5,14,1,20,Good,Visible,0,18.0,17.48,20.0,21.0,367.0,"[11, 12, 14, 14, 14, 14, 16, 16, 16, 17, 18, 19, 20, 20, 20, 20, 21, 21, 21, 21, 22]",18.0,20.0,0.0,5.0,0,28.0
206,A. c. venustissimus,Española,South Coast H,South Coast H,ESCH02-1_141.jpg,72337980,Y,2,0,9,0,11,Good,Visible,0,9.0,9.64,9.0,22.0,212.0,"[5, 6, 6, 7, 8, 8, 9, 9, 9, 9, 9, 9, 10, 10, 10, 11, 11, 11, 11, 14, 15, 15]",5.0,10.0,0.0,5.0,0,12.0
207,A. c. venustissimus,Española,South Coast H,South Coast H,ESCH02-1_15.jpg,72337989,N,0,0,0,0,0,0,0,0,0.0,0.0,0.0,0.0,0.0,0,0.0,0.0,0.0,0.0,0,0.0
208,A. c. venustissimus,Española,South Coast H,South Coast H,ESCH02-1_233.jpg,72338030,N,0,0,0,0,0,0,0,0,0.0,0.0,0.0,0.0,0.0,0,0.0,0.0,0.0,0.0,0,0.0
209,A. c. venustissimus,Española,South Coast H,South Coast H,ESCH02-1_235.jpg,72338032,N,0,0,0,0,0,0,0,0,0.0,0.0,0.0,0.0,0.0,0,0.0,0.0,0.0,0.0,0,0.0
210,A. c. venustissimus,Española,South Coast H,South Coast H,ESCH02-1_241.jpg,72338038,N,0,0,0,0,0,0,0,0,0.0,0.0,0.0,0.0,0.0,0,0.0,0.0,0.0,0.0,0,0.0
211,A. c. venustissimus,Española,South Coast H,South Coast H,ESCH02-1_243.jpg,72338040,Y,0,0,0,1,0,Good,Visible,0,0.0,0.0,0.0,0.0,0.0,0,0.0,0.0,0.0,0.0,0,0.0
212,A. c. venustissimus,Española,South Coast H,South Coast H,ESCH02-1_246.jpg,72338043,Y,0,0,2,0,2,Good,Hard,0,1.0,1.2,1.0,15.0,18.0,"[1, 1, 1, 1, 1, 1, 1, 1, 1, 1, 1, 1, 2, 2, 2]",2.0,1.0,0.0,5.0,0,13.0
213,A. c. venustissimus,Española,South Coast H,South Coast H,ESCH02-1_296.jpg,72338081,N,0,0,0,0,0,0,0,0,0.0,0.0,0.0,0.0,0.0,0,0.0,0.0,0.0,0.0,0,0.0
214,A. c. venustissimus,Española,South Coast H,South Coast H,ESCH02-1_318.jpg,72338100,N,0,0,0,0,0,0,0,0,0.0,0.0,0.0,0.0,0.0,0,0.0,0.0,0.0,0.0,0,0.0
215,A. c. venustissimus,Española,South Coast H,South Coast H,ESCH02-1_350.jpg,72338126,Y,0,1,1,0,2,Good,Visible,0,2.0,1.85,2.0,20.0,37.0,"[1, 1, 1, 1, 1, 2, 2, 2, 2, 2, 2, 2, 2, 2, 2, 2, 2, 2, 2, 4]",2.0,2.0,0.0,5.0,0,2.0
216,A. c. venustissimus,Española,South Coast H,South Coast H,ESCH02-1_382.jpg,72338147,N,0,0,0,0,0,0,0,0,0.0,0.0,0.0,0.0,0.0,0,0.0,0.0,0.0,0.0,0,0.0
217,A. c. venustissimus,Española,South Coast H,South Coast H,ESCH02-1_386.jpg,72338150,N,0,0,0,0,0,0,0,0,0.0,0.0,0.0,0.0,0.0,0,0.0,0.0,0.0,0.0,0,0.0
218,A. c. venustissimus,Española,South Coast H,South Coast H,ESCH02-1_417.jpg,72338164,N,0,0,0,0,0,0,0,0,0.0,0.0,0.0,0.0,0.0,0,0.0,0.0,0.0,0.0,0,0.0
219,A. c. venustissimus,Española,South Coast H,South Coast H,ESCH02-1_439.jpg,72338173,N,0,0,0,0,0,0,0,0,0.0,0.0,0.0,0.0,0.0,0,0.0,0.0,0.0,0.0,0,0.0
220,A. c. venustissimus,Española,South Coast H,South Coast H,ESCH02-1_472.jpg,72338188,Y,0,0,0,1,0,Good,Visible,0,0.0,0.0,0.0,0.0,0.0,0,0.0,0.0,0.0,0.0,0,0.0
221,A. c. venustissimus,Española,South Coast H,South Coast H,ESCH02-1_533.jpg,72338202,N,0,0,0,0,0,0,0,0,0.0,0.0,0.0,0.0,0.0,0,0.0,0.0,0.0,0.0,0,0.0
222,A. c. venustissimus,Española,South Coast H,South Coast H,ESCH02-1_534.jpg,72338203,Y,0,1,2,0,3,Good,Visible,0,3.0,2.64,3.0,14.0,37.0,"[1, 1, 2, 2, 2, 3, 3, 3, 3, 3, 3, 3, 3, 5]",2.0,4.0,0.0,5.0,0,2.0
223,A. c. venustissimus,Española,South Coast H,South Coast H,ESCH02-2_18.jpg,72338234,N,0,0,0,0,0,0,0,0,0.0,0.0,0.0,0.0,0.0,0,0.0,0.0,0.0,0.0,0,0.0
224,A. c. venustissimus,Española,South Coast H,South Coast H,ESCH02-2_19.jpg,72338235,N,0,0,0,0,0,0,0,0,0.0,0.0,0.0,0.0,0.0,0,0.0,0.0,0.0,0.0,0,0.0
225,A. c. venustissimus,Española,South Coast H,South Coast H,ESCH02-2_37.jpg,72338250,N,0,0,0,0,0,0,0,0,0.0,0.0,0.0,0.0,0.0,0,0.0,0.0,0.0,0.0,0,0.0
226,A. c. venustissimus,Española,South Coast H,South Coast H,ESCH02-2_49.jpg,72338262,N,0,0,0,0,0,0,0,0,0.0,0.0,0.0,0.0,0.0,0,0.0,0.0,0.0,0.0,0,0.0
227,A. c. venustissimus,Española,South Coast H,South Coast H,ESCH02-2_72.jpg,72338285,N,0,0,0,0,0,0,0,0,0.0,0.0,0.0,0.0,0.0,0,0.0,0.0,0.0,0.0,0,0.0
228,A. c. venustissimus,Floreana,Montura,Montura,FMO01_36.jpg,72338335,N,0,0,0,0,0,0,0,0,0.0,0.0,0.0,0.0,0.0,0,0.0,0.0,0.0,0.0,0,0.0
229,A. c. venustissimus,Floreana,Montura,Montura,FMO01_56.jpg,72338347,N,0,0,0,0,0,0,0,0,0.0,0.0,0.0,0.0,0.0,0,0.0,0.0,0.0,0.0,0,0.0
230,A. c. venustissimus,Floreana,Montura,Montura,FMO01_83.jpg,72338369,Y,0,2,0,0,2,Good,Visible,0,2.0,2.11,2.0,18.0,38.0,"[2, 2, 2, 2, 2, 2, 2, 2, 2, 2, 2, 2, 2, 2, 2, 2, 3, 3]",2.0,2.0,0.0,5.0,0,0.0
231,A. c. venustissimus,Floreana,Montura,Montura,FMO01_91.jpg,72338377,N,0,0,0,0,0,0,0,0,0.0,0.0,0.0,0.0,0.0,0,0.0,0.0,0.0,0.0,0,0.0
232,A. c. venustissimus,Floreana,Montura,Montura,FMO02-1_100.jpg,72338386,Y,0,0,1,0,1,Good,Hard,0,0.0,0.0,0.0,0.0,0.0,0,0.0,0.0,0.0,0.0,0,0.0
233,A. c. venustissimus,Floreana,Montura,Montura,FMO02-1_122.jpg,72338407,N,0,0,0,0,0,0,0,0,0.0,0.0,0.0,0.0,0.0,0,0.0,0.0,0.0,0.0,0,0.0
234,A. c. venustissimus,Floreana,Montura,Montura,FMO02-1_142.jpg,72338426,N,0,0,0,0,0,0,0,0,0.0,0.0,0.0,0.0,0.0,0,0.0,0.0,0.0,0.0,0,0.0
235,A. c. venustissimus,Floreana,Montura,Montura,FMO02-1_150.jpg,72338433,N,0,0,0,0,0,0,0,0,0.0,0.0,0.0,0.0,0.0,0,0.0,0.0,0.0,0.0,0,0.0
236,A. c. venustissimus,Floreana,Montura,Montura,FMO02-1_158.jpg,72338441,Y,0,0,1,0,1,Good,Hard,0,0.0,0.0,0.0,0.0,0.0,0,0.0,0.0,0.0,0.0,0,0.0
237,A. c. venustissimus,Floreana,Montura,Montura,FMO02-2_101.jpg,72338484,N,0,0,0,0,0,0,0,0,0.0,0.0,0.0,0.0,0.0,0,0.0,0.0,0.0,0.0,0,0.0
238,A. c. venustissimus,Floreana,Montura,Montura,FMO02-2_131.jpg,72338511,N,0,0,0,0,0,0,0,0,0.0,0.0,0.0,0.0,0.0,0,0.0,0.0,0.0,0.0,0,0.0
239,A. c. venustissimus,Floreana,Montura,Montura,FMO02-2_157.jpg,72338536,N,0,0,0,0,0,0,0,0,0.0,0.0,0.0,0.0,0.0,0,0.0,0.0,0.0,0.0,0,0.0
240,A. c. venustissimus,Floreana,Montura,Montura,FMO02-2_81.jpg,72338573,N,0,0,0,0,0,0,0,0,0.0,0.0,0.0,0.0,0.0,0,0.0,0.0,0.0,0.0,0,0.0
241,A. c. venustissimus,Floreana,Montura,Montura,FMO03-1_27.jpg,72338596,N,0,0,0,0,0,0,0,1 dead,0.0,0.0,0.0,0.0,0.0,0,0.0,0.0,0.0,0.0,0,0.0
242,A. c. venustissimus,Floreana,Montura,Montura,FMO03-1_65.jpg,72338628,Y,0,4,1,0,5,Good,Visible,0,4.0,3.42,4.0,19.0,65.0,"[1, 2, 2, 3, 3, 3, 3, 4, 4, 4, 4, 4, 4, 4, 4, 4, 4, 4, 4]",4.0,4.0,0.0,5.0,0,0.0
243,A. c. venustissimus,Floreana,Montura,Montura,FMO03-1_72.jpg,72338635,Y,1,0,3,0,4,Good,Visible,0,3.0,2.65,4.0,20.0,53.0,"[1, 1, 1, 1, 2, 2, 2, 2, 2, 3, 3, 3, 3, 3, 4, 4, 4, 4, 4, 4]",2.0,4.0,0.0,5.0,0,4.0
244,A. c. venustissimus,Floreana,Montura,Montura,FMO04-1_101.jpg,72338709,Y,0,0,0,1,0,Good,Visible,0,1.0,1.0,1.0,10.0,10.0,"[1, 1, 1, 1, 1, 1, 1, 1, 1, 1]",0.0,1.0,0.0,5.0,0,5.0
245,A. c. venustissimus,Floreana,Montura,Montura,FMO04-1_37.jpg,72338729,N,0,0,0,0,0,0,0,0,0.0,0.0,0.0,0.0,0.0,0,0.0,0.0,0.0,0.0,0,0.0
246,A. c. venustissimus,Floreana,Montura,Montura,FMO04-1_53.jpg,72338735,N,0,0,0,0,0,0,0,0,0.0,0.0,0.0,0.0,0.0,0,0.0,0.0,0.0,0.0,0,0.0
247,A. c. venustissimus,Floreana,Montura,Montura,FMO04-1_54.jpg,72338736,N,0,0,0,0,0,0,0,0,0.0,0.0,0.0,0.0,0.0,0,0.0,0.0,0.0,0.0,0,0.0
248,A. c. venustissimus,Floreana,Montura,Montura,FMO04-2_15.jpg,72338772,N,0,0,0,0,0,0,0,0,0.0,0.0,0.0,0.0,0.0,0,0.0,0.0,0.0,0.0,0,0.0
249,A. c. venustissimus,Floreana,Montura,Montura,FMO04-2_25.jpg,72338779,N,0,0,0,0,0,0,0,0,0.0,0.0,0.0,0.0,0.0,0,0.0,0.0,0.0,0.0,0,0.0
250,A. c. venustissimus,Floreana,Montura,Montura,FMO04-2_32.jpg,72338785,N,0,0,0,0,0,0,0,0,0.0,0.0,0.0,0.0,0.0,0,0.0,0.0,0.0,0.0,0,0.0
251,A. c. venustissimus,Floreana,Montura,Montura,FMO04-2_38.jpg,72338789,Y,0,2,0,0,2,Good,Visible,0,2.0,2.25,2.0,16.0,36.0,"[2, 2, 2, 2, 2, 2, 2, 2, 2, 2, 2, 2, 2, 2, 4, 4]",2.0,2.0,0.0,5.0,0,1.0
252,A. c. venustissimus,Floreana,Montura,Montura,FMO05-1_103.jpg,72338799,Y,0,1,0,0,1,Good,Visible,0,1.0,1.1,1.0,21.0,23.0,"[1, 1, 1, 1, 1, 1, 1, 1, 1, 1, 1, 1, 1, 1, 1, 1, 1, 1, 1, 2, 2]",0.0,1.0,0.0,5.0,0,18.0
253,A. c. venustissimus,Floreana,Montura,Montura,FMO05-1_110.jpg,72338806,N,0,0,0,0,0,0,0,0,0.0,0.0,0.0,0.0,0.0,0,0.0,0.0,0.0,0.0,0,0.0
254,A. c. venustissimus,Floreana,Montura,Montura,FMO05-1_123.jpg,72338811,N,0,0,0,0,0,0,0,0,0.0,0.0,0.0,0.0,0.0,0,0.0,0.0,0.0,0.0,0,0.0
255,A. c. venustissimus,Floreana,Montura,Montura,FMO05-1_62.jpg,72338870,Y,0,4,2,0,6,Good,Visible,0,4.0,5.18,4.0,17.0,88.0,"[3, 4, 4, 4, 4, 4, 4, 4, 4, 4, 5, 5, 5, 6, 6, 8, 14]",5.0,5.0,0.0,5.0,0,10.0
256,A. c. venustissimus,Floreana,Montura,Montura,FMO05-1_76.jpg,72338878,Y,0,4,2,1,6,Good,Visible,0,5.0,5.48,5.0,21.0,115.0,"[4, 4, 4, 4, 5, 5, 5, 5, 5, 5, 5, 5, 6, 6, 6, 6, 7, 7, 7, 7, 7]",6.0,6.0,0.0,5.0,0,0.0
257,A. c. venustissimus,Floreana,Montura,Montura,FMO05-2_07.jpg,72338894,Y,0,0,1,0,1,Good,Visible,0,1.0,1.05,1.0,21.0,22.0,"[1, 1, 1, 1, 1, 1, 1, 1, 1, 1, 1, 1, 1, 1, 1, 1, 1, 1, 1, 1, 2]",2.0,1.0,0.0,5.0,0,17.0
258,A. c. venustissimus,Floreana,Montura,Montura,FMO05-2_157.jpg,72338927,Y,0,0,1,0,1,Good,Visible,1 iguana only Andrea sees; concensus: 1 iguana seen by all,1.0,1.19,1.0,21.0,25.0,"[1, 1, 1, 1, 1, 1, 1, 1, 1, 1, 1, 1, 1, 1, 1, 1, 1, 1, 2, 2, 3]",0.0,1.0,0.0,5.0,0,20.0
259,A. c. venustissimus,Floreana,Montura,Montura,FMO06_185.jpg,72339017,Y,0,2,2,0,4,Good,Visible,0,3.0,3.0,3.0,17.0,51.0,"[1, 2, 3, 3, 3, 3, 3, 3, 3, 3, 3, 3, 3, 3, 4, 4, 4]",3.0,3.0,0.0,5.0,0,0.0
260,A. c. venustissimus,Floreana,Montura,Montura,FMO06_194.jpg,72339022,Y,0,0,3,0,3,Bad,Visible,0,2.0,2.16,2.0,19.0,41.0,"[1, 1, 2, 2, 2, 2, 2, 2, 2, 2, 2, 2, 2, 2, 2, 3, 3, 3, 4]",3.0,2.0,0.0,5.0,0,5.0
261,A. c. venustissimus,Floreana,Montura,Montura,FMO06_206.jpg,72339029,Y,2,1,4,1,7,Bad,Visible,0,6.0,6.0,7.0,22.0,132.0,"[4, 4, 4, 4, 5, 5, 5, 5, 5, 6, 6, 6, 6, 7, 7, 7, 7, 7, 7, 7, 9, 9]",7.0,7.0,0.0,5.0,0,3.0
262,A. c. venustissimus,Floreana,Montura,Montura,FMO06_25.jpg,72339035,N,0,0,0,0,0,0,0,0,0.0,0.0,0.0,0.0,0.0,0,0.0,0.0,0.0,0.0,0,0.0
263,A. c. venustissimus,Floreana,Montura,Montura,FMO06_45.jpg,72339049,Y,0,2,1,2,3,Good,Visible,0,4.0,3.74,4.0,19.0,71.0,"[2, 2, 3, 3, 3, 3, 4, 4, 4, 4, 4, 4, 4, 4, 4, 4, 5, 5, 5]",4.0,4.0,0.0,5.0,0,0.0
264,A. c. venustissimus,Floreana,Montura,Montura,FMO06_48.jpg,72339052,N,0,0,0,0,0,0,0,0,0.0,0.0,0.0,0.0,0.0,0,0.0,0.0,0.0,0.0,0,0.0
265,A. c. venustissimus,Floreana,Montura,Montura,FMO06_76.jpg,72339066,N,0,0,0,0,0,0,0,0,0.0,0.0,0.0,0.0,0.0,0,0.0,0.0,0.0,0.0,0,0.0
266,A. c. venustissimus,Floreana,Punta Ayora,Punta Ayora,FPA01_149.jpg,72339097,N,0,0,0,0,0,0,0,0,0.0,0.0,0.0,0.0,0.0,0,0.0,0.0,0.0,0.0,0,0.0
267,A. c. venustissimus,Floreana,Punta Ayora,Punta Ayora,FPA01_47.jpg,72339123,N,0,0,0,0,0,0,0,0,0.0,0.0,0.0,0.0,0.0,0,0.0,0.0,0.0,0.0,0,0.0
268,A. c. venustissimus,Floreana,Punta Ayora,Punta Ayora,FPA01_75.jpg,72339137,N,0,0,0,0,0,0,0,0,0.0,0.0,0.0,0.0,0.0,0,0.0,0.0,0.0,0.0,0,0.0
269,A. c. venustissimus,Floreana,Punta Ayora,Punta Ayora,FPA02_132.jpg,72339156,N,0,0,0,0,0,0,0,0,0.0,0.0,0.0,0.0,0.0,0,0.0,0.0,0.0,0.0,0,0.0
270,A. c. venustissimus,Floreana,Punta Ayora,Punta Ayora,FPA02_162.jpg,72339166,N,0,0,0,0,0,0,0,0,0.0,0.0,0.0,0.0,0.0,0,0.0,0.0,0.0,0.0,0,0.0
271,A. c. venustissimus,Floreana,Punta Ayora,Punta Ayora,FPA02_185.jpg,72339172,N,0,0,0,0,0,0,0,0,0.0,0.0,0.0,0.0,0.0,0,0.0,0.0,0.0,0.0,0,0.0
272,A. c. venustissimus,Floreana,Punta Ayora,Punta Ayora,FPA02_207.jpg,72339180,N,0,0,0,0,0,0,0,0,0.0,0.0,0.0,0.0,0.0,0,0.0,0.0,0.0,0.0,0,0.0
273,A. c. venustissimus,Floreana,Punta Ayora,Punta Ayora,FPA02_214.jpg,72339187,N,0,0,0,0,0,0,0,0,0.0,0.0,0.0,0.0,0.0,0,0.0,0.0,0.0,0.0,0,0.0
274,A. c. venustissimus,Floreana,Punta Ayora,Punta Ayora,FPA02_249.jpg,72339211,N,0,0,0,0,0,0,0,0,0.0,0.0,0.0,0.0,0.0,0,0.0,0.0,0.0,0.0,0,0.0
275,A. c. venustissimus,Floreana,Punta Ayora,Punta Ayora,FPA02_259.jpg,72339220,N,0,0,0,0,0,0,0,0,0.0,0.0,0.0,0.0,0.0,0,0.0,0.0,0.0,0.0,0,0.0
276,A. c. venustissimus,Floreana,Punta Ayora,Punta Ayora,FPA02_267.jpg,72339223,N,0,0,0,0,0,0,0,0,0.0,0.0,0.0,0.0,0.0,0,0.0,0.0,0.0,0.0,0,0.0
277,A. c. venustissimus,Floreana,Punta Ayora,Punta Ayora,FPA02_295.jpg,72339244,Y,0,0,0,1,0,Good,Visible,0,1.0,1.2,1.0,5.0,6.0,"[1, 1, 1, 1, 2]",0.0,1.0,0.0,5.0,0,1.0
278,A. c. venustissimus,Floreana,Punta Ayora,Punta Ayora,FPA02_302.jpg,72339249,N,0,0,0,0,0,0,0,0,0.0,0.0,0.0,0.0,0.0,0,0.0,0.0,0.0,0.0,0,0.0
279,A. c. venustissimus,Floreana,Punta Ayora,Punta Ayora,FPA02_316.jpg,72339263,N,0,0,0,0,0,0,0,0,0.0,0.0,0.0,0.0,0.0,0,0.0,0.0,0.0,0.0,0,0.0
280,A. c. venustissimus,Floreana,Punta Ayora,Punta Ayora,FPA02_343.jpg,72339278,N,0,0,0,0,0,0,0,0,0.0,0.0,0.0,0.0,0.0,0,0.0,0.0,0.0,0.0,0,0.0
281,A. c. venustissimus,Floreana,Punta Ayora,Punta Ayora,FPA02_397.jpg,72339305,N,0,0,0,0,0,0,0,0,0.0,0.0,0.0,0.0,0.0,0,0.0,0.0,0.0,0.0,0,0.0
282,A. c. venustissimus,Floreana,Punta Ayora,Punta Ayora,FPA02_399.jpg,72339307,N,0,0,0,0,0,0,0,0,0.0,0.0,0.0,0.0,0.0,0,0.0,0.0,0.0,0.0,0,0.0
283,A. c. venustissimus,Floreana,Punta Ayora,Punta Ayora,FPA02_409.jpg,72339313,N,0,0,0,0,0,0,0,0,0.0,0.0,0.0,0.0,0.0,0,0.0,0.0,0.0,0.0,0,0.0
284,A. c. venustissimus,Floreana,Punta Ayora,Punta Ayora,FPA02_444.jpg,72339335,N,0,0,0,0,0,0,0,0,0.0,0.0,0.0,0.0,0.0,0,0.0,0.0,0.0,0.0,0,0.0
285,A. c. venustissimus,Floreana,Punta Ayora,Punta Ayora,FPA02_487.jpg,72339353,N,0,0,0,0,0,0,0,0,0.0,0.0,0.0,0.0,0.0,0,0.0,0.0,0.0,0.0,0,0.0
286,A. c. venustissimus,Floreana,Punta Ayora,Punta Ayora,FPA02_495.jpg,72339356,N,0,0,0,0,0,0,0,0,0.0,0.0,0.0,0.0,0.0,0,0.0,0.0,0.0,0.0,0,0.0
287,A. c. venustissimus,Floreana,Punta Ayora,Punta Ayora,FPA02_544.jpg,72339382,N,0,0,0,0,0,0,0,0,0.0,0.0,0.0,0.0,0.0,0,0.0,0.0,0.0,0.0,0,0.0
288,A. c. venustissimus,Floreana,Punta Ayora,Punta Ayora,FPA02_550.jpg,72339388,N,0,0,0,0,0,0,0,0,0.0,0.0,0.0,0.0,0.0,0,0.0,0.0,0.0,0.0,0,0.0
289,A. c. venustissimus,Floreana,Punta Ayora,Punta Ayora,FPA02_554.jpg,72339390,N,0,0,0,0,0,0,0,0,0.0,0.0,0.0,0.0,0.0,0,0.0,0.0,0.0,0.0,0,0.0
290,A. c. venustissimus,Floreana,Punta Ayora,Punta Ayora,FPA02_578.jpg,72339410,Y,1,0,11,0,12,Bad,Hard,0,7.5,7.4,7.0,10.0,74.0,"[2, 6, 7, 7, 7, 8, 8, 9, 10, 10]",7.0,7.0,0.0,5.0,0,13.0
291,A. c. venustissimus,Floreana,Punta Ayora,Punta Ayora,FPA02_584.jpg,72339416,N,0,0,0,0,0,0,0,0,0.0,0.0,0.0,0.0,0.0,0,0.0,0.0,0.0,0.0,0,0.0
292,A. c. venustissimus,Floreana,Punta Ayora,Punta Ayora,FPA03_15.jpg,72339500,N,0,0,0,0,0,0,0,0,0.0,0.0,0.0,0.0,0.0,0,0.0,0.0,0.0,0.0,0,0.0
293,A. c. venustissimus,Floreana,Punta Ayora,Punta Ayora,FPA03_54.jpg,72339561,Y,0,1,0,0,1,Good,Visible,0,1.0,1.05,1.0,20.0,21.0,"[1, 1, 1, 1, 1, 1, 1, 1, 1, 1, 1, 1, 1, 1, 1, 1, 1, 1, 1, 2]",2.0,1.0,0.0,5.0,0,16.0
294,A. c. venustissimus,Floreana,Punta Ayora,Punta Ayora,FPA04_115.jpg,72339636,N,0,0,0,0,0,0,0,0,0.0,0.0,0.0,0.0,0.0,0,0.0,0.0,0.0,0.0,0,0.0
295,A. c. venustissimus,Floreana,Punta Ayora,Punta Ayora,FPA04_139.jpg,72339655,Y,0,1,0,0,1,Good,Visible,0,1.0,1.0,1.0,20.0,20.0,"[1, 1, 1, 1, 1, 1, 1, 1, 1, 1, 1, 1, 1, 1, 1, 1, 1, 1, 1, 1]",0.0,1.0,0.0,5.0,0,15.0
296,A. c. venustissimus,Floreana,Punta Ayora,Punta Ayora,FPA04_151.jpg,72339662,Y,1,0,23,1,24,Good,Visible,0,22.0,19.32,24.0,19.0,367.0,"[2, 4, 12, 13, 15, 16, 21, 21, 22, 22, 23, 23, 24, 24, 24, 24, 25, 25, 27]",25.0,25.0,0.0,5.0,0,15.0
297,A. c. venustissimus,Floreana,Punta Ayora,Punta Ayora,FPA04_67.jpg,72339744,Y,1,0,3,0,4,Bad,Visible,0,3.0,2.73,3.0,15.0,41.0,"[1, 1, 2, 2, 2, 2, 3, 3, 3, 3, 3, 4, 4, 4, 4]",2.0,3.0,0.0,5.0,0,1.0
298,A. c. venustissimus,Floreana,Punta Ayora,Punta Ayora,FPA04_74.jpg,72339756,N,0,0,0,0,0,0,0,0,0.0,0.0,0.0,0.0,0.0,0,0.0,0.0,0.0,0.0,0,0.0
299,A. c. venustissimus,Floreana,Punta Ayora,Punta Ayora,FPA05-1_145.jpg,72339816,N,0,0,0,0,0,0,0,0,0.0,0.0,0.0,0.0,0.0,0,0.0,0.0,0.0,0.0,0,0.0
300,A. c. venustissimus,Floreana,Punta Ayora,Punta Ayora,FPA05-1_180.jpg,72339837,N,0,0,0,0,0,0,0,0,0.0,0.0,0.0,0.0,0.0,0,0.0,0.0,0.0,0.0,0,0.0
301,A. c. venustissimus,Floreana,Punta Ayora,Punta Ayora,FPA05-1_402.jpg,72339905,N,0,0,0,0,0,0,0,0,0.0,0.0,0.0,0.0,0.0,0,0.0,0.0,0.0,0.0,0,0.0
302,A. c. venustissimus,Floreana,Punta Ayora,Punta Ayora,FPA05-2_104.jpg,72339933,N,0,0,0,0,0,0,0,0,0.0,0.0,0.0,0.0,0.0,0,0.0,0.0,0.0,0.0,0,0.0
303,A. c. venustissimus,Floreana,Punta Ayora,Punta Ayora,FPA05-2_79.jpg,72340082,N,0,0,0,0,0,0,0,0,0.0,0.0,0.0,0.0,0.0,0,0.0,0.0,0.0,0.0,0,0.0
304,A. c. venustissimus,Floreana,South Coast A,South Coast A,FSCA01-1_12.jpg,72339413,N,0,0,0,0,0,0,0,0,0.0,0.0,0.0,0.0,0.0,0,0.0,0.0,0.0,0.0,0,0.0
305,A. c. venustissimus,Floreana,South Coast A,South Coast A,FSCA01-2_18.jpg,72339565,Y,0,1,0,0,1,Good,Visible,0,1.0,1.0,1.0,17.0,17.0,"[1, 1, 1, 1, 1, 1, 1, 1, 1, 1, 1, 1, 1, 1, 1, 1, 1]",2.0,1.0,0.0,5.0,0,12.0
306,A. c. venustissimus,Floreana,South Coast A,South Coast A,FSCA01-2_39.jpg,72339596,Y,1,1,3,0,5,Good,Visible,0,5.0,4.47,5.0,19.0,85.0,"[1, 2, 3, 4, 4, 4, 5, 5, 5, 5, 5, 5, 5, 5, 5, 5, 5, 5, 7]",3.0,5.0,0.0,5.0,0,6.0
307,A. c. venustissimus,Floreana,South Coast A,South Coast A,FSCA01-2_67.jpg,72339620,N,0,0,0,0,0,0,0,0,0.0,0.0,0.0,0.0,0.0,0,0.0,0.0,0.0,0.0,0,0.0
308,A. c. venustissimus,Floreana,South Coast A,South Coast A,FSCA02-1_105.jpg,72339661,Y,0,1,1,0,2,Good,Visible,0,2.0,1.84,2.0,19.0,35.0,"[1, 1, 1, 2, 2, 2, 2, 2, 2, 2, 2, 2, 2, 2, 2, 2, 2, 2, 2]",2.0,2.0,0.0,5.0,0,0.0
309,A. c. venustissimus,Floreana,South Coast A,South Coast A,FSCA02-1_171.jpg,72339737,Y,0,0,1,0,1,Good,Visible,0,1.0,1.0,1.0,15.0,15.0,"[1, 1, 1, 1, 1, 1, 1, 1, 1, 1, 1, 1, 1, 1, 1]",0.0,1.0,0.0,5.0,0,6.0
310,A. c. venustissimus,Floreana,South Coast A,South Coast A,FSCA02-1_62.jpg,72339801,Y,0,4,0,0,4,Good,Visible,consensus: 4 males no lek,3.0,3.08,4.0,13.0,40.0,"[1, 2, 2, 3, 3, 3, 3, 3, 4, 4, 4, 4, 4]",4.0,4.0,0.0,5.0,0,0.0
311,A. c. venustissimus,Floreana,South Coast A,South Coast A,FSCA02-1_73.jpg,72339817,Y,0,1,1,0,2,Good,Visible,0,1.0,1.11,1.0,19.0,21.0,"[1, 1, 1, 1, 1, 1, 1, 1, 1, 1, 1, 1, 1, 1, 1, 1, 1, 2, 2]",2.0,1.0,0.0,5.0,0,8.0
312,A. c. venustissimus,Floreana,South Coast A,South Coast A,FSCA02-2_67.jpg,72339900,Y,0,1,1,0,2,Bad,Hard,0,2.0,2.36,2.0,11.0,26.0,"[1, 1, 1, 2, 2, 2, 2, 3, 3, 3, 6]",3.0,3.0,0.0,5.0,0,2.0
313,A. c. venustissimus,Floreana,South Coast A,South Coast A,FSCA03-1_100.jpg,72339928,N,0,0,0,0,0,0,0,0,0.0,0.0,0.0,0.0,0.0,0,0.0,0.0,0.0,0.0,0,0.0
314,A. c. venustissimus,Floreana,South Coast A,South Coast A,FSCA03-1_136.jpg,72339971,N,0,0,0,0,0,0,0,0,0.0,0.0,0.0,0.0,0.0,0,0.0,0.0,0.0,0.0,0,0.0
315,A. c. venustissimus,Floreana,South Coast A,South Coast A,FSCA03-1_181.jpg,72340007,N,0,0,0,0,0,0,0,0,0.0,0.0,0.0,0.0,0.0,0,0.0,0.0,0.0,0.0,0,0.0
316,A. c. venustissimus,Floreana,South Coast A,South Coast A,FSCA03-1_235.jpg,72340083,N,0,0,0,0,0,0,0,0,0.0,0.0,0.0,0.0,0.0,0,0.0,0.0,0.0,0.0,0,0.0
317,A. c. venustissimus,Floreana,South Coast A,South Coast A,FSCA03-1_44.jpg,72340151,N,0,0,0,0,0,0,0,0,0.0,0.0,0.0,0.0,0.0,0,0.0,0.0,0.0,0.0,0,0.0
318,A. c. venustissimus,Floreana,South Coast A,South Coast A,FSCA03-1_49.jpg,72340152,N,0,0,0,0,0,0,0,0,0.0,0.0,0.0,0.0,0.0,0,0.0,0.0,0.0,0.0,0,0.0
319,A. c. venustissimus,Floreana,South Coast A,South Coast A,FSCA03-1_85.jpg,72340178,N,0,0,0,0,0,0,0,0,0.0,0.0,0.0,0.0,0.0,0,0.0,0.0,0.0,0.0,0,0.0
320,A. c. venustissimus,Floreana,South Coast A,South Coast A,FSCA03-2_132.jpg,72340245,Y,0,0,0,1,0,Bad,Hard,0,0.0,0.0,0.0,0.0,0.0,0,0.0,0.0,0.0,0.0,0,0.0
321,A. c. venustissimus,Floreana,South Coast A,South Coast A,FSCA03-2_144.jpg,72340255,Y,0,1,0,0,1,Bad,Hard,0,1.0,1.2,1.0,5.0,6.0,"[1, 1, 1, 1, 2]",0.0,1.0,0.0,5.0,0,1.0
322,A. c. venustissimus,Floreana,South Coast A,South Coast A,FSCA03-2_32.jpg,72340341,N,0,0,0,0,0,0,0,0,0.0,0.0,0.0,0.0,0.0,0,0.0,0.0,0.0,0.0,0,0.0
323,A. c. venustissimus,Floreana,South Coast A,South Coast A,FSCA03-2_75.jpg,72340377,N,0,0,0,0,0,0,0,0,0.0,0.0,0.0,0.0,0.0,0,0.0,0.0,0.0,0.0,0,0.0
324,A. c. venustissimus,Floreana,South Coast A,South Coast A,FSCA04_110.jpg,72340414,N,0,0,0,0,0,0,0,0,0.0,0.0,0.0,0.0,0.0,0,0.0,0.0,0.0,0.0,0,0.0
325,A. c. venustissimus,Floreana,South Coast A,South Coast A,FSCA04_120.jpg,72340425,Y,0,0,1,1,1,Good,Hard,0,0.0,0.0,0.0,0.0,0.0,0,0.0,0.0,0.0,0.0,0,0.0
326,A. c. venustissimus,Floreana,South Coast A,South Coast A,FSCA04_227.jpg,72340561,N,0,0,0,0,0,0,0,0,0.0,0.0,0.0,0.0,0.0,0,0.0,0.0,0.0,0.0,0,0.0
327,A. c. venustissimus,Floreana,South Coast A,South Coast A,FSCA04_272.jpg,72340605,N,0,0,0,0,0,0,0,0,0.0,0.0,0.0,0.0,0.0,0,0.0,0.0,0.0,0.0,0,0.0
328,A. c. venustissimus,Floreana,South Coast A,South Coast A,FSCA04_315.jpg,72340642,N,0,0,0,0,0,0,0,0,0.0,0.0,0.0,0.0,0.0,0,0.0,0.0,0.0,0.0,0,0.0
329,A. c. venustissimus,Floreana,South Coast A,South Coast A,FSCA05-1_105.jpg,72340708,N,0,0,0,0,0,0,0,0,0.0,0.0,0.0,0.0,0.0,0,0.0,0.0,0.0,0.0,0,0.0
330,A. c. venustissimus,Floreana,South Coast A,South Coast A,FSCA05-1_108.jpg,72340711,N,0,0,0,0,0,0,0,0,0.0,0.0,0.0,0.0,0.0,0,0.0,0.0,0.0,0.0,0,0.0
331,A. c. venustissimus,Floreana,South Coast A,South Coast A,FSCA05-1_194.jpg,72340748,N,0,0,0,0,0,0,0,0,0.0,0.0,0.0,0.0,0.0,0,0.0,0.0,0.0,0.0,0,0.0
332,A. c. venustissimus,Floreana,South Coast A,South Coast A,FSCA05-1_47.jpg,72340800,N,0,0,0,0,0,0,0,0,0.0,0.0,0.0,0.0,0.0,0,0.0,0.0,0.0,0.0,0,0.0
333,A. c. venustissimus,Floreana,South Coast A,South Coast A,FSCA05-1_72.jpg,72340817,N,0,0,0,0,0,0,0,0,0.0,0.0,0.0,0.0,0.0,0,0.0,0.0,0.0,0.0,0,0.0
334,A. c. venustissimus,Floreana,South Coast A,South Coast A,FSCA05-1_73.jpg,72340819,N,0,0,0,0,0,0,0,0,0.0,0.0,0.0,0.0,0.0,0,0.0,0.0,0.0,0.0,0,0.0
335,A. c. venustissimus,Floreana,South Coast A,South Coast A,FSCA05-1_88.jpg,72340842,N,0,0,0,0,0,0,0,0,0.0,0.0,0.0,0.0,0.0,0,0.0,0.0,0.0,0.0,0,0.0
336,A. c. venustissimus,Floreana,South Coast A,South Coast A,FSCA05-2_121.jpg,72340901,N,0,0,0,0,0,0,0,0,0.0,0.0,0.0,0.0,0.0,0,0.0,0.0,0.0,0.0,0,0.0
337,A. c. venustissimus,Floreana,South Coast A,South Coast A,FSCA05-2_122.jpg,72340903,N,0,0,0,0,0,0,0,0,0.0,0.0,0.0,0.0,0.0,0,0.0,0.0,0.0,0.0,0,0.0
338,A. c. venustissimus,Floreana,South Coast A,South Coast A,FSCA05-2_208.jpg,72340970,N,0,0,0,0,0,0,0,0,0.0,0.0,0.0,0.0,0.0,0,0.0,0.0,0.0,0.0,0,0.0
339,A. c. venustissimus,Floreana,South Coast A,South Coast A,FSCA05-2_35.jpg,72340997,N,0,0,0,0,0,0,0,0,0.0,0.0,0.0,0.0,0.0,0,0.0,0.0,0.0,0.0,0,0.0
340,A. c. venustissimus,Floreana,South Coast A,South Coast A,FSCA05-2_46.jpg,72341008,N,0,0,0,0,0,0,0,0,0.0,0.0,0.0,0.0,0.0,0,0.0,0.0,0.0,0.0,0,0.0
341,A. c. venustissimus,Floreana,South Coast A,South Coast A,FSCA05-2_65.jpg,72341036,N,0,0,0,0,0,0,0,0,0.0,0.0,0.0,0.0,0.0,0,0.0,0.0,0.0,0.0,0,0.0
342,A. c. venustissimus,Floreana,South Coast E,South Coast E,FSCE-1.1-1_31.jpg,72340214,N,0,0,0,0,0,0,0,0,0.0,0.0,0.0,0.0,0.0,0,0.0,0.0,0.0,0.0,0,0.0
343,A. c. venustissimus,Floreana,South Coast E,South Coast E,FSCE-1.1-1_46.jpg,72340228,N,0,0,0,0,0,0,0,0,0.0,0.0,0.0,0.0,0.0,0,0.0,0.0,0.0,0.0,0,0.0
344,A. c. venustissimus,Floreana,South Coast E,South Coast E,FSCE-1.1-1_50.jpg,72340236,N,0,0,0,0,0,0,0,0,0.0,0.0,0.0,0.0,0.0,0,0.0,0.0,0.0,0.0,0,0.0
345,A. c. venustissimus,Floreana,South Coast E,South Coast E,FSCE-1.1-1_55.jpg,72340246,N,0,0,0,0,0,0,0,0,0.0,0.0,0.0,0.0,0.0,0,0.0,0.0,0.0,0.0,0,0.0
346,A. c. venustissimus,Floreana,South Coast E,South Coast E,FSCE-1.1-1_69.jpg,72340273,Y,0,1,0,0,1,Good,Visible,0,1.0,1.0,1.0,16.0,16.0,"[1, 1, 1, 1, 1, 1, 1, 1, 1, 1, 1, 1, 1, 1, 1, 1]",2.0,1.0,0.0,5.0,0,11.0
347,A. c. venustissimus,Floreana,South Coast E,South Coast E,FSCE-1.1-1_74.jpg,72340283,N,0,0,0,0,0,0,0,0,0.0,0.0,0.0,0.0,0.0,0,0.0,0.0,0.0,0.0,0,0.0
348,A. c. venustissimus,Floreana,South Coast E,South Coast E,FSCE-1.1-1_76.jpg,72340287,Y,0,0,1,0,1,Good,Hard,0,1.0,1.6,1.0,5.0,8.0,"[1, 1, 1, 2, 3]",2.0,1.0,0.0,5.0,0,3.0
349,A. c. venustissimus,Floreana,South Coast E,South Coast E,FSCE-1.1-1_91.jpg,72340311,N,0,0,0,0,0,0,0,0,0.0,0.0,0.0,0.0,0.0,0,0.0,0.0,0.0,0.0,0,0.0
350,A. c. venustissimus,Floreana,South Coast E,South Coast E,FSCE-1.1-1_96.jpg,72340320,N,0,0,0,0,0,0,0,0,0.0,0.0,0.0,0.0,0.0,0,0.0,0.0,0.0,0.0,0,0.0
351,A. c. venustissimus,Floreana,South Coast E,South Coast E,FSCE-1.1-2_16.jpg,72340334,N,0,0,0,0,0,0,0,0,0.0,0.0,0.0,0.0,0.0,0,0.0,0.0,0.0,0.0,0,0.0
352,A. c. venustissimus,Floreana,South Coast E,South Coast E,FSCE-1.1-2_18.jpg,72340338,N,0,0,0,0,0,0,0,0,0.0,0.0,0.0,0.0,0.0,0,0.0,0.0,0.0,0.0,0,0.0
353,A. c. venustissimus,Floreana,South Coast E,South Coast E,FSCE-1.1-2_23.jpg,72340348,N,0,0,0,0,0,0,0,0,0.0,0.0,0.0,0.0,0.0,0,0.0,0.0,0.0,0.0,0,0.0
354,A. c. venustissimus,Floreana,South Coast E,South Coast E,FSCE-1.1-2_25.jpg,72340352,N,0,0,0,0,0,0,0,0,0.0,0.0,0.0,0.0,0.0,0,0.0,0.0,0.0,0.0,0,0.0
355,A. c. venustissimus,Floreana,South Coast E,South Coast E,FSCE-1.1-2_29.jpg,72340360,N,0,0,0,0,0,0,0,0,0.0,0.0,0.0,0.0,0.0,0,0.0,0.0,0.0,0.0,0,0.0
356,A. c. venustissimus,Floreana,South Coast E,South Coast E,FSCE-1.1-2_50.jpg,72340402,N,0,0,0,0,0,0,0,0,0.0,0.0,0.0,0.0,0.0,0,0.0,0.0,0.0,0.0,0,0.0
357,A. c. venustissimus,Floreana,South Coast E,South Coast E,FSCE-1.1-2_72.jpg,72340444,Y,0,1,0,0,1,Good,Visible,0,1.0,1.0,1.0,20.0,20.0,"[1, 1, 1, 1, 1, 1, 1, 1, 1, 1, 1, 1, 1, 1, 1, 1, 1, 1, 1, 1]",2.0,1.0,0.0,5.0,0,15.0
358,A. c. venustissimus,Floreana,South Coast E,South Coast E,FSCE-1.1-2_79.jpg,72340458,N,0,0,0,0,0,0,0,0,0.0,0.0,0.0,0.0,0.0,0,0.0,0.0,0.0,0.0,0,0.0
359,A. c. venustissimus,Floreana,South Coast E,South Coast E,FSCE-1.1-2_89.jpg,72340460,N,0,0,0,0,0,0,0,0,0.0,0.0,0.0,0.0,0.0,0,0.0,0.0,0.0,0.0,0,0.0
360,A. c. venustissimus,Floreana,South Coast E,South Coast E,FSCE-1.1-2_94.jpg,72340469,Y,0,1,0,0,1,Good,Hard,0,0.0,0.0,0.0,0.0,0.0,0,0.0,0.0,0.0,0.0,0,0.0
361,A. c. venustissimus,Floreana,South Coast E,South Coast E,FSCE-1.2-1_14.jpg,72340476,Y,0,1,0,0,1,Good,Visible,0,1.0,1.07,1.0,14.0,15.0,"[1, 1, 1, 1, 1, 1, 1, 1, 1, 1, 1, 1, 1, 2]",0.0,1.0,0.0,5.0,0,10.0
362,A. c. venustissimus,Floreana,South Coast E,South Coast E,FSCE-1.2-1_19.jpg,72340485,N,0,0,0,0,0,0,0,0,0.0,0.0,0.0,0.0,0.0,0,0.0,0.0,0.0,0.0,0,0.0
363,A. c. venustissimus,Floreana,South Coast E,South Coast E,FSCE-1.2-1_51.jpg,72340532,Y,0,1,1,0,2,Good,Visible,0,1.0,1.24,1.0,17.0,21.0,"[1, 1, 1, 1, 1, 1, 1, 1, 1, 1, 1, 1, 1, 2, 2, 2, 2]",2.0,1.0,0.0,5.0,0,16.0
364,A. c. venustissimus,Floreana,South Coast E,South Coast E,FSCE-1.2-1_56.jpg,72340542,Y,0,1,0,0,1,Good,Visible,0,1.0,1.0,1.0,19.0,19.0,"[1, 1, 1, 1, 1, 1, 1, 1, 1, 1, 1, 1, 1, 1, 1, 1, 1, 1, 1]",2.0,1.0,0.0,5.0,0,14.0
365,A. c. venustissimus,Floreana,South Coast E,South Coast E,FSCE-1.2-2_14.jpg,72340557,N,0,0,0,0,0,0,0,0,0.0,0.0,0.0,0.0,0.0,0,0.0,0.0,0.0,0.0,0,0.0
366,A. c. venustissimus,Floreana,South Coast E,South Coast E,FSCE-1.2-2_18.jpg,72340564,Y,0,1,0,0,1,Good,Hard,0,1.0,1.6,1.0,5.0,8.0,"[1, 1, 1, 2, 3]",0.0,1.0,0.0,5.0,0,3.0
367,A. c. venustissimus,Floreana,South Coast E,South Coast E,FSCE-1.2-2_19.jpg,72340565,N,0,0,0,0,0,0,0,0,0.0,0.0,0.0,0.0,0.0,0,0.0,0.0,0.0,0.0,0,0.0
368,A. c. venustissimus,Floreana,South Coast E,South Coast E,FSCE-1.2-2_30.jpg,72340589,N,0,0,0,0,0,0,0,0,0.0,0.0,0.0,0.0,0.0,0,0.0,0.0,0.0,0.0,0,0.0
369,A. c. venustissimus,Floreana,South Coast E,South Coast E,FSCE-1.2-2_33.jpg,72340594,Y,0,1,0,0,1,Good,Visible,0,2.0,1.7,2.0,10.0,17.0,"[1, 1, 1, 2, 2, 2, 2, 2, 2, 2]",2.0,2.0,0.0,5.0,0,0.0
370,A. c. venustissimus,Floreana,South Coast E,South Coast E,FSCE-1.2-2_41.jpg,72340609,Y,0,0,1,0,1,Good,Visible,0,1.0,1.0,1.0,14.0,14.0,"[1, 1, 1, 1, 1, 1, 1, 1, 1, 1, 1, 1, 1, 1]",2.0,1.0,0.0,5.0,0,9.0
371,A. c. venustissimus,Floreana,South Coast E,South Coast E,FSCE-1.2-2_43.jpg,72340613,Y,0,0,2,0,2,Good,Visible,0,2.0,1.8,2.0,15.0,27.0,"[1, 1, 1, 2, 2, 2, 2, 2, 2, 2, 2, 2, 2, 2, 2]",2.0,2.0,0.0,5.0,0,0.0
372,A. c. venustissimus,Floreana,South Coast E,South Coast E,FSCE-1.2-2_45.jpg,72340617,Y,0,0,4,0,4,Good,Visible,consensus: 4 others,3.0,3.08,3.0,12.0,37.0,"[2, 2, 3, 3, 3, 3, 3, 3, 3, 4, 4, 4]",2.0,3.0,0.0,5.0,0,5.0
373,A. c. venustissimus,Floreana,South Coast E,South Coast E,FSCE-1.2-2_47.jpg,72340621,Y,0,0,1,0,1,Good,Hard,0,1.0,1.14,1.0,7.0,8.0,"[1, 1, 1, 1, 1, 1, 2]",1.0,1.0,0.0,5.0,0,3.0
374,A. c. venustissimus,Floreana,South Coast E,South Coast E,FSCE-1.2-2_52.jpg,72340632,N,0,0,0,0,0,0,0,0,0.0,0.0,0.0,0.0,0.0,0,0.0,0.0,0.0,0.0,0,0.0
375,A. c. venustissimus,Floreana,South Coast E,South Coast E,FSCE-1.2-2_54.jpg,72340641,Y,0,1,0,0,1,Bad,Hard,0,0.0,0.0,0.0,0.0,0.0,0,0.0,0.0,0.0,0.0,0,0.0
376,A. c. venustissimus,Floreana,South Coast E,South Coast E,FSCE-1.2-2_56.jpg,72340647,Y,0,1,0,0,1,Good,Visible,0,1.0,1.11,1.0,19.0,21.0,"[1, 1, 1, 1, 1, 1, 1, 1, 1, 1, 1, 1, 1, 1, 1, 1, 1, 2, 2]",2.0,1.0,0.0,5.0,0,15.0
377,A. c. venustissimus,Floreana,South Coast E,South Coast E,FSCE-1.2-2_58.jpg,72340652,Y,0,1,0,0,1,Good,Visible,0,0.0,0.0,0.0,0.0,0.0,0,0.0,0.0,0.0,0.0,0,0.0
378,A. c. venustissimus,Floreana,South Coast E,South Coast E,FSCE-1.2-2_61.jpg,72340657,Y,0,0,0,1,0,Good,Visible,0,0.0,0.0,0.0,0.0,0.0,0,0.0,0.0,0.0,0.0,0,0.0
379,A. c. venustissimus,Floreana,South Coast E,South Coast E,FSCE-1.2-2_65.jpg,72340662,N,0,0,0,0,0,0,0,0,0.0,0.0,0.0,0.0,0.0,0,0.0,0.0,0.0,0.0,0,0.0
380,A. c. venustissimus,Floreana,South Coast I,South Coast I,FSCI01-1_114.jpg,72340774,N,0,0,0,0,0,0,0,0,0.0,0.0,0.0,0.0,0.0,0,0.0,0.0,0.0,0.0,0,0.0
381,A. c. venustissimus,Floreana,South Coast I,South Coast I,FSCI01-1_131.jpg,72340808,Y,0,0,0,1,0,Good,Visible,0,1.0,1.07,1.0,15.0,16.0,"[1, 1, 1, 1, 1, 1, 1, 1, 1, 1, 1, 1, 1, 1, 2]",0.0,1.0,0.0,5.0,0,11.0
382,A. c. venustissimus,Floreana,South Coast I,South Coast I,FSCI01-1_147.jpg,72340833,N,0,0,0,0,0,0,0,0,0.0,0.0,0.0,0.0,0.0,0,0.0,0.0,0.0,0.0,0,0.0
383,A. c. venustissimus,Floreana,South Coast I,South Coast I,FSCI01-1_148.jpg,72340835,N,0,0,0,0,0,0,0,0,0.0,0.0,0.0,0.0,0.0,0,0.0,0.0,0.0,0.0,0,0.0
384,A. c. venustissimus,Floreana,South Coast I,South Coast I,FSCI01-1_150.jpg,72340838,Y,0,0,1,0,1,Good,Visible,0,1.0,1.0,1.0,10.0,10.0,"[1, 1, 1, 1, 1, 1, 1, 1, 1, 1]",0.0,1.0,0.0,5.0,0,5.0
385,A. c. venustissimus,Floreana,South Coast I,South Coast I,FSCI01-1_153.jpg,72340843,Y,0,0,3,0,3,Good,Visible,consensus: 3 males no lek,3.0,3.0,3.0,20.0,60.0,"[3, 3, 3, 3, 3, 3, 3, 3, 3, 3, 3, 3, 3, 3, 3, 3, 3, 3, 3, 3]",3.0,3.0,0.0,5.0,0,0.0
386,A. c. venustissimus,Floreana,South Coast I,South Coast I,FSCI01-1_180.jpg,72340880,N,0,0,0,0,0,0,0,0,0.0,0.0,0.0,0.0,0.0,0,0.0,0.0,0.0,0.0,0,0.0
387,A. c. venustissimus,Floreana,South Coast I,South Coast I,FSCI01-1_201.jpg,72340891,Y,0,1,1,0,2,Good,Visible,0,2.0,1.95,2.0,19.0,37.0,"[1, 1, 2, 2, 2, 2, 2, 2, 2, 2, 2, 2, 2, 2, 2, 2, 2, 2, 3]",2.0,2.0,0.0,5.0,0,1.0
388,A. c. venustissimus,Floreana,South Coast I,South Coast I,FSCI01-1_232.jpg,72340918,Y,0,1,1,0,2,Good,Visible,0,1.0,1.52,1.0,21.0,32.0,"[1, 1, 1, 1, 1, 1, 1, 1, 1, 1, 1, 1, 1, 1, 1, 2, 2, 2, 2, 2, 7]",3.0,2.0,0.0,5.0,0,0.0
389,A. c. venustissimus,Floreana,South Coast I,South Coast I,FSCI01-1_260.jpg,72340928,N,0,0,0,0,0,0,0,0,0.0,0.0,0.0,0.0,0.0,0,0.0,0.0,0.0,0.0,0,0.0
390,A. c. venustissimus,Floreana,South Coast I,South Coast I,FSCI01-1_45.jpg,72340956,N,0,0,0,0,0,0,0,0,0.0,0.0,0.0,0.0,0.0,0,0.0,0.0,0.0,0.0,0,0.0
391,A. c. venustissimus,Floreana,South Coast I,South Coast I,FSCI01-1_48.jpg,72340963,N,0,0,0,0,0,0,0,0,0.0,0.0,0.0,0.0,0.0,0,0.0,0.0,0.0,0.0,0,0.0
392,A. c. venustissimus,Floreana,South Coast I,South Coast I,FSCI01-1_64.jpg,72340987,N,0,0,0,0,0,0,0,0,0.0,0.0,0.0,0.0,0.0,0,0.0,0.0,0.0,0.0,0,0.0
393,A. c. venustissimus,Floreana,South Coast I,South Coast I,FSCI01-1_69.jpg,72340992,N,0,0,0,0,0,0,0,0,0.0,0.0,0.0,0.0,0.0,0,0.0,0.0,0.0,0.0,0,0.0
394,A. c. venustissimus,Floreana,South Coast I,South Coast I,FSCI01-1_70.jpg,72340994,N,0,0,0,0,0,0,0,0,0.0,0.0,0.0,0.0,0.0,0,0.0,0.0,0.0,0.0,0,0.0
395,A. c. venustissimus,Floreana,South Coast I,South Coast I,FSCI01-1_71.jpg,72340996,N,0,0,0,0,0,0,0,0,0.0,0.0,0.0,0.0,0.0,0,0.0,0.0,0.0,0.0,0,0.0
396,A. c. venustissimus,Floreana,South Coast I,South Coast I,FSCI01-1_72.jpg,72340998,N,0,0,0,0,0,0,0,0,0.0,0.0,0.0,0.0,0.0,0,0.0,0.0,0.0,0.0,0,0.0
397,A. c. venustissimus,Floreana,South Coast I,South Coast I,FSCI01-1_84.jpg,72341020,N,0,0,0,0,0,0,0,0,0.0,0.0,0.0,0.0,0.0,0,0.0,0.0,0.0,0.0,0,0.0
398,A. c. venustissimus,Floreana,South Coast I,South Coast I,FSCI01-1_88.jpg,72341027,N,0,0,0,0,0,0,0,0,0.0,0.0,0.0,0.0,0.0,0,0.0,0.0,0.0,0.0,0,0.0
399,A. c. venustissimus,Floreana,South Coast I,South Coast I,FSCI01-1_90.jpg,72341031,N,0,0,0,0,0,0,0,0,0.0,0.0,0.0,0.0,0.0,0,0.0,0.0,0.0,0.0,0,0.0
400,A. c. venustissimus,Floreana,South Coast I,South Coast I,FSCI01-2_172.jpg,72341069,N,0,0,0,0,0,0,0,0,0.0,0.0,0.0,0.0,0.0,0,0.0,0.0,0.0,0.0,0,0.0
401,A. c. venustissimus,Floreana,South Coast I,South Coast I,FSCI01-2_254.jpg,72341083,N,0,0,0,0,0,0,0,0,0.0,0.0,0.0,0.0,0.0,0,0.0,0.0,0.0,0.0,0,0.0
402,A. c. venustissimus,Floreana,South Coast I,South Coast I,FSCI01-2_286.jpg,72341093,Y,0,0,1,0,1,Good,Visible,0,1.0,1.0,1.0,14.0,14.0,"[1, 1, 1, 1, 1, 1, 1, 1, 1, 1, 1, 1, 1, 1]",0.0,1.0,0.0,5.0,0,9.0
403,A. c. venustissimus,Floreana,South Coast I,South Coast I,FSCI01-2_344.jpg,72341106,N,0,0,0,0,0,0,0,0,0.0,0.0,0.0,0.0,0.0,0,0.0,0.0,0.0,0.0,0,0.0
404,A. c. venustissimus,Floreana,South Coast I,South Coast I,FSCI01-2_396.jpg,72341112,Y,0,0,1,0,1,Bad,Visible,0,1.0,1.06,1.0,16.0,17.0,"[1, 1, 1, 1, 1, 1, 1, 1, 1, 1, 1, 1, 1, 1, 1, 2]",0.0,1.0,0.0,5.0,0,11.0
405,A. c. venustissimus,Floreana,South Coast I,South Coast I,FSCI01-2_430.jpg,72341123,N,0,0,0,0,0,0,0,0,0.0,0.0,0.0,0.0,0.0,0,0.0,0.0,0.0,0.0,0,0.0
406,A. c. venustissimus,Floreana,South Coast I,South Coast I,FSCI01-2_457.jpg,72341128,Y,0,3,0,0,3,Good,Visible,0,3.0,2.62,3.0,21.0,55.0,"[2, 2, 2, 2, 2, 2, 2, 2, 2, 3, 3, 3, 3, 3, 3, 3, 3, 3, 3, 3, 4]",3.0,3.0,0.0,5.0,0,1.0
407,A. c. venustissimus,Floreana,South Coast I,South Coast I,FSCI01-2_458.jpg,72341129,N,0,0,0,0,0,0,0,0,0.0,0.0,0.0,0.0,0.0,0,0.0,0.0,0.0,0.0,0,0.0
408,A. c. venustissimus,Floreana,South Coast I,South Coast I,FSCI01-2_490.jpg,72341140,N,0,0,0,0,0,0,0,0,0.0,0.0,0.0,0.0,0.0,0,0.0,0.0,0.0,0.0,0,0.0
409,A. c. venustissimus,Floreana,South Coast I,South Coast I,FSCI01-2_511.jpg,72341155,N,0,0,0,0,0,0,0,0,0.0,0.0,0.0,0.0,0.0,0,0.0,0.0,0.0,0.0,0,0.0
410,A. c. venustissimus,Floreana,South Coast I,South Coast I,FSCI01-2_522.jpg,72341166,Y,0,2,1,0,3,Good,Visible,0,2.0,2.12,3.0,16.0,34.0,"[1, 1, 1, 1, 2, 2, 2, 2, 2, 2, 3, 3, 3, 3, 3, 3]",3.0,2.0,0.0,5.0,0,0.0
411,A. c. venustissimus,Floreana,South Coast I,South Coast I,FSCI01-2_528.jpg,72341172,N,0,0,0,0,0,0,0,0,0.0,0.0,0.0,0.0,0.0,0,0.0,0.0,0.0,0.0,0,0.0
412,A. c. venustissimus,Floreana,South Coast I,South Coast I,FSCI01-2_531.jpg,72341175,N,0,0,0,0,0,0,0,0,0.0,0.0,0.0,0.0,0.0,0,0.0,0.0,0.0,0.0,0,0.0
413,A. c. venustissimus,Floreana,South Coast I,South Coast I,FSCI01-2_542.jpg,72341179,Y,0,0,0,2,0,Good,Visible,0,2.0,2.43,2.0,7.0,17.0,"[1, 1, 2, 2, 2, 3, 6]",2.0,2.0,0.0,5.0,0,2.0
414,A. c. venustissimus,Floreana,South Coast I,South Coast I,FSCI01-2_559.jpg,72341196,Y,0,0,1,0,1,Good,Visible,0,1.0,1.21,1.0,14.0,17.0,"[1, 1, 1, 1, 1, 1, 1, 1, 1, 1, 1, 2, 2, 2]",0.0,1.0,0.0,5.0,0,12.0
415,A. c. venustissimus,Floreana,South Coast I,South Coast I,FSCI01-2_585.jpg,72341216,Y,0,0,1,0,1,Good,Visible,0,1.0,1.0,1.0,15.0,15.0,"[1, 1, 1, 1, 1, 1, 1, 1, 1, 1, 1, 1, 1, 1, 1]",0.0,1.0,0.0,5.0,0,10.0
416,A. c. venustissimus,Floreana,South Coast I,South Coast I,FSCI01-2_613.jpg,72341230,N,0,0,0,0,0,0,0,0,0.0,0.0,0.0,0.0,0.0,0,0.0,0.0,0.0,0.0,0,0.0
417,A. c. venustissimus,Floreana,South Coast I,South Coast I,FSCI01-2_85.jpg,72341231,N,0,0,0,0,0,0,0,0,0.0,0.0,0.0,0.0,0.0,0,0.0,0.0,0.0,0.0,0,0.0
418,A. c. venustissimus,Floreana,South Coast J,South Coast J,FSCJ01_100.jpg,72341236,Y,0,5,0,0,5,Good,Visible,0,5.0,4.85,5.0,20.0,97.0,"[4, 4, 4, 4, 5, 5, 5, 5, 5, 5, 5, 5, 5, 5, 5, 5, 5, 5, 5, 6]",5.0,5.0,0.0,5.0,0,2.0
419,A. c. venustissimus,Floreana,South Coast J,South Coast J,FSCJ01_102.jpg,72341238,N,0,0,0,0,0,0,0,0,0.0,0.0,0.0,0.0,0.0,0,0.0,0.0,0.0,0.0,0,0.0
420,A. c. venustissimus,Floreana,South Coast J,South Coast J,FSCJ01_107.jpg,72341243,N,0,0,0,0,0,0,0,0,0.0,0.0,0.0,0.0,0.0,0,0.0,0.0,0.0,0.0,0,0.0
421,A. c. venustissimus,Floreana,South Coast J,South Coast J,FSCJ01_140.jpg,72341273,Y,0,0,3,0,3,Good,Hard,0,2.0,2.0,2.0,12.0,24.0,"[1, 2, 2, 2, 2, 2, 2, 2, 2, 2, 2, 3]",2.0,2.0,0.0,5.0,0,1.0
422,A. c. venustissimus,Floreana,South Coast J,South Coast J,FSCJ01_205.jpg,72341302,Y,1,1,10,0,12,Good,Visible,0,10.0,9.95,8.0,20.0,199.0,"[5, 6, 8, 8, 8, 8, 9, 9, 10, 10, 10, 10, 11, 11, 11, 11, 12, 12, 13, 17]",12.0,12.0,0.0,5.0,0,6.0
423,A. c. venustissimus,Floreana,South Coast J,South Coast J,FSCJ01_206.jpg,72341303,Y,0,0,0,1,0,Good,Visible,0,1.0,1.25,1.0,4.0,5.0,"[1, 1, 1, 2]",0.0,1.0,0.0,5.0,0,0.0
424,A. c. venustissimus,Floreana,South Coast J,South Coast J,FSCJ01_230.jpg,72341308,N,0,0,0,0,0,0,0,0,0.0,0.0,0.0,0.0,0.0,0,0.0,0.0,0.0,0.0,0,0.0
425,A. c. venustissimus,Floreana,South Coast J,South Coast J,FSCJ01_53.jpg,72341328,N,0,0,0,0,0,0,0,0,0.0,0.0,0.0,0.0,0.0,0,0.0,0.0,0.0,0.0,0,0.0
426,A. c. venustissimus,Floreana,South Coast J,South Coast J,FSCJ01_76.jpg,72341347,N,0,0,0,0,0,0,0,0,0.0,0.0,0.0,0.0,0.0,0,0.0,0.0,0.0,0.0,0,0.0
427,A. c. venustissimus,Floreana,South Coast J,South Coast J,FSCJ01_87.jpg,72341358,N,0,0,0,0,0,0,0,0,0.0,0.0,0.0,0.0,0.0,0,0.0,0.0,0.0,0.0,0,0.0
428,A. c. venustissimus,Floreana,South Coast J,South Coast J,FSCJ02-1_109.jpg,72341374,N,0,0,0,0,0,0,0,0,0.0,0.0,0.0,0.0,0.0,0,0.0,0.0,0.0,0.0,0,0.0
429,A. c. venustissimus,Floreana,South Coast J,South Coast J,FSCJ02-1_119.jpg,72341381,N,0,0,0,0,0,0,0,0,0.0,0.0,0.0,0.0,0.0,0,0.0,0.0,0.0,0.0,0,0.0
430,A. c. venustissimus,Floreana,South Coast J,South Coast J,FSCJ02-1_127.jpg,72341387,N,0,0,0,0,0,0,0,0,0.0,0.0,0.0,0.0,0.0,0,0.0,0.0,0.0,0.0,0,0.0
431,A. c. venustissimus,Floreana,South Coast J,South Coast J,FSCJ02-1_146.jpg,72341400,N,0,0,0,0,0,0,0,0,0.0,0.0,0.0,0.0,0.0,0,0.0,0.0,0.0,0.0,0,0.0
432,A. c. venustissimus,Floreana,South Coast J,South Coast J,FSCJ02-1_147.jpg,72341401,N,0,0,0,0,0,0,0,0,0.0,0.0,0.0,0.0,0.0,0,0.0,0.0,0.0,0.0,0,0.0
433,A. c. venustissimus,Floreana,South Coast J,South Coast J,FSCJ02-1_15.jpg,72341404,N,0,0,0,0,0,0,0,0,0.0,0.0,0.0,0.0,0.0,0,0.0,0.0,0.0,0.0,0,0.0
434,A. c. venustissimus,Floreana,South Coast J,South Coast J,FSCJ02-1_155.jpg,72341406,Y,0,0,1,0,1,Good,Visible,0,1.0,1.0,1.0,20.0,20.0,"[1, 1, 1, 1, 1, 1, 1, 1, 1, 1, 1, 1, 1, 1, 1, 1, 1, 1, 1, 1]",2.0,1.0,0.0,5.0,0,15.0
435,A. c. venustissimus,Floreana,South Coast J,South Coast J,FSCJ02-1_156.jpg,72341407,Y,0,1,0,0,1,Good,Visible,0,1.0,1.0,1.0,22.0,22.0,"[1, 1, 1, 1, 1, 1, 1, 1, 1, 1, 1, 1, 1, 1, 1, 1, 1, 1, 1, 1, 1, 1]",2.0,1.0,0.0,5.0,0,17.0
436,A. c. venustissimus,Floreana,South Coast J,South Coast J,FSCJ02-1_25.jpg,72341422,N,0,0,0,0,0,0,0,0,0.0,0.0,0.0,0.0,0.0,0,0.0,0.0,0.0,0.0,0,0.0
437,A. c. venustissimus,Floreana,South Coast J,South Coast J,FSCJ02-1_34.jpg,72341427,Y,0,0,1,0,1,Good,Visible,0,1.0,1.0,1.0,21.0,21.0,"[1, 1, 1, 1, 1, 1, 1, 1, 1, 1, 1, 1, 1, 1, 1, 1, 1, 1, 1, 1, 1]",2.0,1.0,0.0,5.0,0,16.0
438,A. c. venustissimus,Floreana,South Coast J,South Coast J,FSCJ02-1_37.jpg,72341430,N,0,0,0,0,0,0,0,0,0.0,0.0,0.0,0.0,0.0,0,0.0,0.0,0.0,0.0,0,0.0
439,A. c. venustissimus,Floreana,South Coast J,South Coast J,FSCJ02-1_43.jpg,72341431,Y,0,0,1,0,1,Good,Hard,0,1.0,1.0,1.0,6.0,6.0,"[1, 1, 1, 1, 1, 1]",0.0,1.0,0.0,5.0,0,1.0
440,A. c. venustissimus,Floreana,South Coast J,South Coast J,FSCJ02-1_45.jpg,72341433,N,0,0,0,0,0,0,0,0,0.0,0.0,0.0,0.0,0.0,0,0.0,0.0,0.0,0.0,0,0.0
441,A. c. venustissimus,Floreana,South Coast J,South Coast J,FSCJ02-1_83.jpg,72341453,Y,0,1,4,1,5,Good,Visible,0,6.0,5.71,6.0,21.0,120.0,"[4, 5, 5, 5, 5, 5, 5, 6, 6, 6, 6, 6, 6, 6, 6, 6, 6, 6, 6, 7, 7]",4.0,6.0,0.0,5.0,0,4.0
442,A. c. venustissimus,Floreana,South Coast J,South Coast J,FSCJ02-2_04.jpg,72341468,N,0,0,0,0,0,0,0,0,0.0,0.0,0.0,0.0,0.0,0,0.0,0.0,0.0,0.0,0,0.0
443,A. c. venustissimus,Floreana,South Coast J,South Coast J,FSCJ02-2_05.jpg,72341469,N,0,0,0,0,0,0,0,0,0.0,0.0,0.0,0.0,0.0,0,0.0,0.0,0.0,0.0,0,0.0
444,A. c. venustissimus,Floreana,South Coast J,South Coast J,FSCJ02-2_127.jpg,72341485,N,0,0,0,0,0,0,0,0,0.0,0.0,0.0,0.0,0.0,0,0.0,0.0,0.0,0.0,0,0.0
445,A. c. venustissimus,Floreana,South Coast J,South Coast J,FSCJ02-2_146.jpg,72341497,N,0,0,0,0,0,0,0,0,0.0,0.0,0.0,0.0,0.0,0,0.0,0.0,0.0,0.0,0,0.0
446,A. c. venustissimus,Floreana,South Coast J,South Coast J,FSCJ02-2_183.jpg,72341525,N,0,0,0,0,0,0,0,0,0.0,0.0,0.0,0.0,0.0,0,0.0,0.0,0.0,0.0,0,0.0
447,A. c. venustissimus,Floreana,South Coast J,South Coast J,FSCJ02-2_185.jpg,72341527,N,0,0,0,0,0,0,0,0,0.0,0.0,0.0,0.0,0.0,0,0.0,0.0,0.0,0.0,0,0.0
448,A. c. venustissimus,Floreana,South Coast J,South Coast J,FSCJ02-2_208.jpg,72341545,Y,1,0,3,0,4,Bad,Visible,0,4.0,3.94,4.0,18.0,71.0,"[3, 4, 4, 4, 4, 4, 4, 4, 4, 4, 4, 4, 4, 4, 4, 4, 4, 4]",4.0,4.0,0.0,5.0,0,1.0
449,A. c. venustissimus,Floreana,South Coast J,South Coast J,FSCJ02-2_220.jpg,72341559,Y,0,0,1,0,1,Good,Visible,0,1.0,1.25,1.0,20.0,25.0,"[1, 1, 1, 1, 1, 1, 1, 1, 1, 1, 1, 1, 1, 1, 1, 1, 1, 1, 2, 5]",0.0,1.0,0.0,5.0,0,20.0
450,A. c. venustissimus,Floreana,South Coast J,South Coast J,FSCJ02-2_233.jpg,72341570,Y,0,0,1,0,1,Good,Visible,0,1.0,1.33,1.0,9.0,12.0,"[1, 1, 1, 1, 1, 1, 1, 1, 4]",0.0,1.0,0.0,5.0,0,7.0
451,A. c. venustissimus,Floreana,South Coast J,South Coast J,FSCJ02-2_243.jpg,72341576,Y,0,0,3,1,3,Good,Hard,0,1.0,1.53,1.0,15.0,23.0,"[1, 1, 1, 1, 1, 1, 1, 1, 1, 2, 2, 2, 2, 2, 4]",2.0,2.0,0.0,5.0,0,2.0
452,A. c. venustissimus,Floreana,South Coast J,South Coast J,FSCJ02-2_251.jpg,72341585,Y,0,0,1,0,1,Good,Hard,0,0.0,0.0,0.0,0.0,0.0,0,0.0,0.0,0.0,0.0,0,0.0
453,A. c. venustissimus,Floreana,South Coast J,South Coast J,FSCJ02-2_269.jpg,72341593,Y,0,0,5,0,5,Bad,Visible,0,4.0,5.05,5.0,19.0,96.0,"[2, 2, 2, 3, 3, 3, 4, 4, 4, 4, 5, 5, 5, 5, 6, 8, 8, 10, 13]",7.0,7.0,0.0,5.0,0,9.0
454,A. c. venustissimus,Floreana,South Coast J,South Coast J,FSCJ02-2_59.jpg,72341609,N,0,0,0,0,0,0,0,0,0.0,0.0,0.0,0.0,0.0,0,0.0,0.0,0.0,0.0,0,0.0
455,A. c. venustissimus,Floreana,South Coast J,South Coast J,FSCJ02-2_93.jpg,72341627,Y,0,1,0,0,1,Good,Visible,0,1.0,1.05,1.0,22.0,23.0,"[1, 1, 1, 1, 1, 1, 1, 1, 1, 1, 1, 1, 1, 1, 1, 1, 1, 1, 1, 1, 1, 2]",2.0,1.0,0.0,5.0,0,18.0
