,site_name,subject_group,image_name,subject_id,count_total,median_count,mean_count,mode_min_count,mode_max_count,mode_count,mode_count_avg,users,sum_annotations_count,annotations_count,dbscan_count_sil,HDBSCAN_count,eps,min_cluster_size,max_cluster_size,noise_points,data.no,data.yes
0,Gardner Islet,Gardner Islet,EGI01-1-2_120.jpg,72332801,0,0.0,0.0,0.0,0.0,0,0.0,0.0,0.0,,0.0,0.0,,,,,23.0,0.0
1,Gardner Islet,Gardner Islet,EGI01-1-2_121.jpg,72332802,0,27.0,27.0,27.0,27.0,[27],27.0,1.0,27.0,[27],5.0,1.0,0.0,5.0,0.0,6.0,19.0,1.0
2,Gardner Islet,Gardner Islet,EGI01-2-2_116.jpg,72332876,0,0.0,0.0,0.0,0.0,0,0.0,0.0,0.0,,0.0,0.0,,,,,21.0,0.0
3,Gardner Islet,Gardner Islet,EGI02-2_114.jpg,72332972,0,0.0,0.0,0.0,0.0,0,0.0,0.0,0.0,,0.0,0.0,,,,,21.0,0.0
4,Gardner Islet,Gardner Islet,EGI02-2_36.jpg,72332999,0,1.0,1.0,1.0,1.0,[1],1.0,1.0,1.0,[1],0.0,0.0,0.0,0.0,0.0,0.0,20.0,1.0
5,Gardner Islet,Gardner Islet,EGI02-2_55.jpg,72333006,0,0.0,0.0,0.0,0.0,0,0.0,0.0,0.0,,0.0,0.0,,,,,23.0,0.0
6,Gardner Islet,Gardner Islet,EGI02-2_87.jpg,72333021,0,0.0,0.0,0.0,0.0,0,0.0,0.0,0.0,,0.0,0.0,,,,,21.0,0.0
7,Gardner Islet,Gardner Islet,EGI03_48.jpg,72333060,0,0.0,0.0,0.0,0.0,0,0.0,0.0,0.0,,0.0,0.0,,,,,22.0,0.0
8,Gardner Islet,Gardner Islet,EGI03-2-1_35.jpg,72333108,0,0.0,0.0,0.0,0.0,0,0.0,0.0,0.0,,0.0,0.0,,,,,22.0,0.0
9,Gardner Islet,Gardner Islet,EGI03-2-2_29.jpg,72333161,0,0.0,0.0,0.0,0.0,0,0.0,0.0,0.0,,0.0,0.0,,,,,21.0,0.0
10,Gardner Islet,Gardner Islet,EGI04-1_141.jpg,72333244,3,1.0,1.64,1.0,1.0,[1],1.0,22.0,36.0,"[1, 1, 1, 1, 1, 1, 1, 1, 1, 1, 1, 1, 1, 2, 2, 2, 2, 2, 3, 3, 3, 4]",2.0,3.0,0.0,5.0,0.0,0.0,0.0,23.0
11,Gardner Islet,Gardner Islet,EGI04-2_106.jpg,72333316,0,1.0,1.0,1.0,1.0,[1],1.0,1.0,1.0,[1],0.0,0.0,0.0,0.0,0.0,0.0,21.0,2.0
12,Gardner Islet,Gardner Islet,EGI06-2_61.jpg,72333547,0,0.0,0.0,0.0,0.0,0,0.0,0.0,0.0,,0.0,0.0,,,,,22.0,0.0
13,Gardner Islet,Gardner Islet,EGI08-1_83.jpg,72333734,0,0.0,0.0,0.0,0.0,0,0.0,0.0,0.0,,0.0,0.0,,,,,22.0,0.0
14,Gardner Islet,Gardner Islet,EGI08-2_78.jpg,72333835,1,1.0,1.0,1.0,1.0,[1],1.0,12.0,12.0,"[1, 1, 1, 1, 1, 1, 1, 1, 1, 1, 1, 1]",1.0,1.0,0.0,5.0,0.0,6.0,10.0,12.0
15,Gardner Islet,Gardner Islet,EGI09-1_142.jpg,72333880,0,0.0,0.0,0.0,0.0,0,0.0,0.0,0.0,,0.0,0.0,,,,,21.0,0.0
16,Gardner Islet,Gardner Islet,EGI09-1_153.jpg,72333891,0,1.0,1.0,1.0,1.0,[1],1.0,2.0,2.0,"[1, 1]",0.0,0.0,0.0,0.0,0.0,0.0,19.0,2.0
17,Gardner Islet,Gardner Islet,EGI09-1_326.jpg,72334007,0,0.0,0.0,0.0,0.0,0,0.0,0.0,0.0,,0.0,0.0,,,,,22.0,0.0
18,Gardner Islet,Gardner Islet,EGI09-2_175.jpg,72334078,0,3.0,3.0,3.0,3.0,[3],3.0,1.0,3.0,[3],0.0,0.0,0.0,0.0,0.0,0.0,20.0,1.0
19,Gardner Islet,Gardner Islet,EGI09-2_488.jpg,72334220,0,0.0,0.0,0.0,0.0,0,0.0,0.0,0.0,,0.0,0.0,,,,,21.0,0.0
20,Gardner Islet,Gardner Islet,EGI09-3_157.jpg,72334265,0,11.0,11.0,11.0,11.0,[11],11.0,1.0,11.0,[11],1.0,1.0,0.0,5.0,0.0,6.0,20.0,1.0
21,Gardner Islet,Gardner Islet,EGI09-3_348.jpg,72334346,0,4.0,5.67,1.0,12.0,"[1, 4, 12]",5.666666666666667,3.0,17.0,"[1, 4, 12]",2.0,1.0,0.0,5.0,0.0,11.0,19.0,3.0
22,Gardner Islet,Gardner Islet,EGI10-1_146.jpg,72334424,0,0.0,0.0,0.0,0.0,0,0.0,0.0,0.0,,0.0,0.0,,,,,22.0,0.0
23,Gardner Islet,Gardner Islet,EGI10-1_277.jpg,72334465,0,1.0,1.0,1.0,1.0,[1],1.0,1.0,1.0,[1],0.0,0.0,0.0,0.0,0.0,0.0,21.0,1.0
24,Gardner Islet,Gardner Islet,EGI10-1_320.jpg,72334495,0,0.0,0.0,0.0,0.0,0,0.0,0.0,0.0,,0.0,0.0,,,,,22.0,0.0
25,Gardner Islet,Gardner Islet,EGI10-2_114.jpg,72334531,0,1.0,1.0,1.0,1.0,[1],1.0,1.0,1.0,[1],0.0,0.0,0.0,0.0,0.0,0.0,20.0,1.0
26,Gardner Islet,Gardner Islet,EGI10-2_63.jpg,72334600,0,0.0,0.0,0.0,0.0,0,0.0,0.0,0.0,,0.0,0.0,,,,,22.0,0.0
27,Gardner Islet,Gardner Islet,EGI10-2_76.jpg,72334605,0,1.0,1.0,1.0,1.0,[1],1.0,1.0,1.0,[1],0.0,0.0,0.0,0.0,0.0,0.0,21.0,1.0
28,Gardner Islet,Gardner Islet,EGI10-3_255.jpg,72334654,0,0.0,0.0,0.0,0.0,0,0.0,0.0,0.0,,0.0,0.0,,,,,21.0,0.0
29,Gardner Islet,Gardner Islet,EGI10-3_52.jpg,72334674,0,0.0,0.0,0.0,0.0,0,0.0,0.0,0.0,,0.0,0.0,,,,,19.0,2.0
30,Gardner Islet,Gardner Islet,EGI11-1_219.jpg,72334727,0,1.5,1.5,1.0,2.0,"[1, 2]",1.5,2.0,3.0,"[1, 2]",0.0,0.0,0.0,0.0,0.0,0.0,18.0,3.0
31,Gardner Islet,Gardner Islet,EGI11-2_395.jpg,72334972,0,0.0,0.0,0.0,0.0,0,0.0,0.0,0.0,,0.0,0.0,,,,,21.0,0.0
32,Gardner Islet,Gardner Islet,EGI11-2_67.jpg,72335070,0,1.0,1.0,1.0,1.0,[1],1.0,1.0,1.0,[1],0.0,0.0,0.0,0.0,0.0,0.0,22.0,1.0
33,Gardner Islet,Gardner Islet,EIG05-1_84.jpg,72335125,0,1.0,1.0,1.0,1.0,[1],1.0,1.0,1.0,[1],0.0,0.0,0.0,0.0,0.0,0.0,22.0,1.0
34,Gardner Islet,Gardner Islet,EPGI07-1_263.jpg,72335251,0,0.0,0.0,0.0,0.0,0,0.0,0.0,0.0,,0.0,0.0,,,,,21.0,0.0
35,Gardner Islet,Gardner Islet,EPGI07-1_37.jpg,72335266,0,0.0,0.0,0.0,0.0,0,0.0,0.0,0.0,,0.0,0.0,,,,,21.0,0.0
36,Gardner Islet,Gardner Islet,EPGI07-1_73.jpg,72335285,0,1.0,1.0,1.0,1.0,[1],1.0,2.0,2.0,"[1, 1]",0.0,0.0,0.0,0.0,0.0,0.0,19.0,2.0
37,Gardner Islet,Gardner Islet,EPGI07-2_08.jpg,72335303,0,1.0,1.0,1.0,1.0,[1],1.0,1.0,1.0,[1],0.0,0.0,0.0,0.0,0.0,0.0,20.0,1.0
38,Punta Suarez,Punta Suarez,EPS01_28.jpg,72335422,1,1.0,1.5,1.0,1.0,[1],1.0,8.0,12.0,"[1, 1, 1, 1, 1, 1, 1, 5]",2.0,1.0,0.0,5.0,0.0,7.0,14.0,8.0
39,Punta Suarez,Punta Suarez,EPS01_41.jpg,72335435,1,2.0,1.67,2.0,2.0,[2],2.0,15.0,25.0,"[1, 1, 1, 1, 1, 2, 2, 2, 2, 2, 2, 2, 2, 2, 2]",2.0,2.0,0.0,5.0,0.0,0.0,5.0,17.0
40,Punta Suarez,Punta Suarez,EPS02_108.jpg,72335473,0,0.0,0.0,0.0,0.0,0,0.0,0.0,0.0,,0.0,0.0,,,,,21.0,1.0
41,Punta Suarez,Punta Suarez,EPS02_208.jpg,72335541,2,2.0,2.19,2.0,2.0,[2],2.0,21.0,46.0,"[1, 1, 1, 2, 2, 2, 2, 2, 2, 2, 2, 2, 2, 2, 2, 2, 2, 2, 2, 4, 7]",4.0,2.0,0.0,5.0,0.0,7.0,1.0,21.0
42,Punta Suarez,Punta Suarez,EPS02_38.jpg,72335546,0,0.0,0.0,0.0,0.0,0,0.0,0.0,0.0,,0.0,0.0,,,,,21.0,0.0
43,Punta Suarez,Punta Suarez,EPS02_55.jpg,72335554,0,0.0,0.0,0.0,0.0,0,0.0,0.0,0.0,,0.0,0.0,,,,,21.0,0.0
44,Punta Suarez,Punta Suarez,EPS03_24.jpg,72335585,0,0.0,0.0,0.0,0.0,0,0.0,0.0,0.0,,0.0,0.0,,,,,21.0,1.0
45,Punta Suarez,Punta Suarez,EPS03_35.jpg,72335594,3,3.0,2.61,3.0,3.0,[3],3.0,18.0,47.0,"[1, 1, 1, 2, 3, 3, 3, 3, 3, 3, 3, 3, 3, 3, 3, 3, 3, 3]",3.0,3.0,0.0,5.0,0.0,4.0,4.0,18.0
46,Punta Suarez,Punta Suarez,EPS03_70.jpg,72335629,14,14.0,13.55,14.0,15.0,"[14, 15]",14.5,22.0,298.0,"[6, 8, 11, 11, 11, 13, 13, 13, 14, 14, 14, 14, 14, 15, 15, 15, 15, 15, 16, 16, 17, 18]",8.0,16.0,0.0,5.0,0.0,22.0,0.0,22.0
47,Punta Suarez,Punta Suarez,EPS03_75.jpg,72335634,1,1.0,1.71,1.0,1.0,[1],1.0,7.0,12.0,"[1, 1, 1, 1, 1, 3, 4]",1.0,1.0,0.0,5.0,0.0,7.0,14.0,8.0
48,Punta Suarez,Punta Suarez,EPS04-1_136.jpg,72335681,3,3.0,3.19,3.0,3.0,[3],3.0,16.0,51.0,"[3, 3, 3, 3, 3, 3, 3, 3, 3, 3, 3, 3, 3, 3, 3, 6]",2.0,3.0,0.0,5.0,0.0,2.0,4.0,16.0
49,Punta Suarez,Punta Suarez,EPS04-1_149.jpg,72335688,0,1.0,1.0,1.0,1.0,[1],1.0,1.0,1.0,[1],0.0,0.0,0.0,0.0,0.0,0.0,19.0,2.0
50,Punta Suarez,Punta Suarez,EPS05-1_167.jpg,72335867,0,0.0,0.0,0.0,0.0,0,0.0,0.0,0.0,,0.0,0.0,,,,,21.0,0.0
51,Punta Suarez,Punta Suarez,EPS05-2_98.jpg,72335930,2,1.0,1.42,1.0,1.0,[1],1.0,19.0,27.0,"[1, 1, 1, 1, 1, 1, 1, 1, 1, 1, 1, 1, 1, 1, 1, 1, 2, 2, 7]",1.0,1.0,0.0,5.0,0.0,22.0,3.0,20.0
52,Punta Suarez,Punta Suarez,EPS06-1_130.jpg,72335960,0,0.0,0.0,0.0,0.0,0,0.0,0.0,0.0,,0.0,0.0,,,,,21.0,0.0
53,Punta Suarez,Punta Suarez,EPS06-1_157.jpg,72335987,0,0.0,0.0,0.0,0.0,0,0.0,0.0,0.0,,0.0,0.0,,,,,23.0,0.0
54,Punta Suarez,Punta Suarez,EPS06-1_167.jpg,72335995,1,0.0,0.0,0.0,0.0,0,0.0,0.0,0.0,,0.0,0.0,,,,,20.0,1.0
55,Punta Suarez,Punta Suarez,EPS06-2_160.jpg,72336110,2,1.0,1.2,1.0,1.0,[1],1.0,15.0,18.0,"[1, 1, 1, 1, 1, 1, 1, 1, 1, 1, 1, 1, 1, 2, 3]",2.0,1.0,0.0,5.0,0.0,13.0,5.0,16.0
56,Punta Suarez,Punta Suarez,EPS06-2_212.jpg,72336132,1,1.0,1.12,1.0,1.0,[1],1.0,16.0,18.0,"[1, 1, 1, 1, 1, 1, 1, 1, 1, 1, 1, 1, 1, 1, 2, 2]",1.0,1.0,0.0,5.0,0.0,12.0,3.0,18.0
57,Punta Suarez,Punta Suarez,EPS06-2_235.jpg,72336142,2,2.0,1.95,2.0,2.0,[2],2.0,20.0,39.0,"[1, 1, 1, 1, 2, 2, 2, 2, 2, 2, 2, 2, 2, 2, 2, 2, 2, 3, 3, 3]",2.0,2.0,0.0,5.0,0.0,0.0,0.0,22.0
58,Punta Suarez,Punta Suarez,EPS07-1_238.jpg,72336297,2,2.0,2.45,2.0,2.0,[2],2.0,20.0,49.0,"[2, 2, 2, 2, 2, 2, 2, 2, 2, 2, 2, 2, 2, 2, 2, 3, 3, 4, 4, 5]",4.0,3.0,0.0,5.0,0.0,0.0,0.0,21.0
59,Punta Suarez,Punta Suarez,EPS07-1_301.jpg,72336349,6,5.0,4.65,4.0,5.0,"[4, 5]",4.5,20.0,93.0,"[3, 3, 4, 4, 4, 4, 4, 4, 4, 5, 5, 5, 5, 5, 5, 5, 6, 6, 6, 6]",6.0,5.0,0.0,5.0,0.0,0.0,1.0,20.0
60,Punta Suarez,Punta Suarez,EPS07-1_317.jpg,72336360,0,0.0,0.0,0.0,0.0,0,0.0,0.0,0.0,,0.0,0.0,,,,,20.0,0.0
61,Punta Suarez,Punta Suarez,EPS07-1_322.jpg,72336365,2,2.0,2.09,2.0,2.0,[2],2.0,11.0,23.0,"[1, 2, 2, 2, 2, 2, 2, 2, 2, 3, 3]",2.0,2.0,0.0,5.0,0.0,3.0,10.0,11.0
62,Punta Suarez,Punta Suarez,EPS07-1_376.jpg,72336404,7,6.0,5.88,6.0,6.0,[6],6.0,17.0,100.0,"[1, 4, 4, 4, 5, 5, 5, 6, 6, 6, 6, 7, 7, 8, 8, 8, 10]",9.0,8.0,0.0,5.0,0.0,6.0,4.0,17.0
63,Punta Suarez,Punta Suarez,EPS07-2_171.jpg,72336460,0,0.0,0.0,0.0,0.0,0,0.0,0.0,0.0,,0.0,0.0,,,,,22.0,0.0
64,Punta Suarez,Punta Suarez,EPS07-2_260.jpg,72336532,4,4.0,3.57,4.0,4.0,[4],4.0,14.0,50.0,"[2, 3, 3, 3, 3, 4, 4, 4, 4, 4, 4, 4, 4, 4]",4.0,4.0,0.0,5.0,0.0,1.0,7.0,14.0
65,Punta Suarez,Punta Suarez,EPS07-2_293.jpg,72336542,0,0.0,0.0,0.0,0.0,0,0.0,0.0,0.0,,0.0,0.0,,,,,22.0,0.0
66,Punta Suarez,Punta Suarez,EPS07-2_59.jpg,72336566,0,1.0,1.0,1.0,1.0,[1],1.0,1.0,1.0,[1],0.0,0.0,0.0,0.0,0.0,0.0,19.0,2.0
67,Punta Suarez,Punta Suarez,EPS08-1_224.jpg,72336687,0,0.0,0.0,0.0,0.0,0,0.0,0.0,0.0,,0.0,0.0,,,,,20.0,1.0
68,Punta Suarez,Punta Suarez,EPS08-1_289.jpg,72336742,1,1.0,1.0,1.0,1.0,[1],1.0,20.0,20.0,"[1, 1, 1, 1, 1, 1, 1, 1, 1, 1, 1, 1, 1, 1, 1, 1, 1, 1, 1, 1]",2.0,1.0,0.0,5.0,0.0,13.0,1.0,20.0
69,Punta Suarez,Punta Suarez,EPS08-1_351.jpg,72336780,7,5.0,4.76,5.0,5.0,[5],5.0,21.0,100.0,"[2, 2, 3, 4, 4, 4, 4, 4, 5, 5, 5, 5, 5, 5, 5, 6, 6, 6, 6, 7, 7]",4.0,6.0,0.0,5.0,0.0,6.0,0.0,21.0
70,Punta Suarez,Punta Suarez,EPS08-2_230.jpg,72336869,0,2.0,3.67,1.0,8.0,"[1, 2, 8]",3.6666666666666665,3.0,11.0,"[1, 2, 8]",1.0,1.0,0.0,5.0,0.0,6.0,19.0,3.0
71,Punta Suarez,Punta Suarez,EPS08-2_311.jpg,72336927,2,1.0,1.5,1.0,1.0,[1],1.0,8.0,12.0,"[1, 1, 1, 1, 1, 2, 2, 3]",2.0,2.0,0.0,5.0,0.0,0.0,13.0,8.0
72,Punta Suarez,Punta Suarez,EPS08-2_354.jpg,72336966,0,0.0,0.0,0.0,0.0,0,0.0,0.0,0.0,,0.0,0.0,,,,,21.0,0.0
73,Punta Suarez,Punta Suarez,EPS08-2_38.jpg,72336992,0,0.0,0.0,0.0,0.0,0,0.0,0.0,0.0,,0.0,0.0,,,,,22.0,0.0
74,Punta Suarez,Punta Suarez,EPS08-2_390.jpg,72337004,2,2.0,2.0,2.0,2.0,[2],2.0,17.0,34.0,"[2, 2, 2, 2, 2, 2, 2, 2, 2, 2, 2, 2, 2, 2, 2, 2, 2]",2.0,2.0,0.0,5.0,0.0,0.0,3.0,19.0
75,Punta Suarez,Punta Suarez,EPS08-2_469.jpg,72337084,3,2.0,2.1,2.0,2.0,[2],2.0,21.0,44.0,"[2, 2, 2, 2, 2, 2, 2, 2, 2, 2, 2, 2, 2, 2, 2, 2, 2, 2, 2, 2, 4]",2.0,2.0,0.0,5.0,0.0,2.0,1.0,21.0
76,South Coast B,South Coast B,ESCB-2.1-1_06.jpg,72337166,0,0.0,0.0,0.0,0.0,0,0.0,0.0,0.0,,0.0,0.0,,,,,21.0,0.0
77,South Coast B,South Coast B,ESCB-2.1-1_112.jpg,72337178,0,0.0,0.0,0.0,0.0,0,0.0,0.0,0.0,,0.0,0.0,,,,,21.0,0.0
78,South Coast B,South Coast B,ESCB-2.1-1_119.jpg,72337185,7,5.0,5.25,4.0,5.0,"[4, 5]",4.5,20.0,105.0,"[3, 4, 4, 4, 4, 4, 4, 5, 5, 5, 5, 5, 5, 6, 6, 7, 7, 7, 7, 8]",2.0,5.0,0.0,5.0,0.0,10.0,0.0,21.0
79,South Coast B,South Coast B,ESCB-2.1-1_122.jpg,72337188,1,1.0,1.5,1.0,1.0,[1],1.0,20.0,30.0,"[1, 1, 1, 1, 1, 1, 1, 1, 1, 1, 1, 1, 1, 2, 2, 2, 2, 2, 3, 4]",2.0,2.0,0.0,5.0,0.0,1.0,1.0,21.0
80,South Coast B,South Coast B,ESCB-2.1-1_21.jpg,72337194,0,0.0,0.0,0.0,0.0,0,0.0,0.0,0.0,,0.0,0.0,,,,,22.0,0.0
81,South Coast B,South Coast B,ESCB-2.1-1_24.jpg,72337197,0,1.0,1.33,1.0,1.0,[1],1.0,3.0,4.0,"[1, 1, 2]",0.0,0.0,0.0,0.0,0.0,0.0,17.0,3.0
82,South Coast B,South Coast B,ESCB-2.1-1_46.jpg,72337208,0,0.0,0.0,0.0,0.0,0,0.0,0.0,0.0,,0.0,0.0,,,,,21.0,0.0
83,South Coast B,South Coast B,ESCB-2.1-1_48.jpg,72337210,0,0.0,0.0,0.0,0.0,0,0.0,0.0,0.0,,0.0,0.0,,,,,21.0,0.0
84,South Coast B,South Coast B,ESCB-2.1-1_65.jpg,72337227,0,3.0,3.0,3.0,3.0,[3],3.0,1.0,3.0,[3],0.0,0.0,0.0,0.0,0.0,0.0,21.0,1.0
85,South Coast B,South Coast B,ESCB-2.1-1_67.jpg,72337229,1,1.0,1.0,1.0,1.0,[1],1.0,4.0,4.0,"[1, 1, 1, 1]",0.0,0.0,0.0,0.0,0.0,0.0,17.0,4.0
86,South Coast B,South Coast B,ESCB-2.1-1_70.jpg,72337232,0,0.0,0.0,0.0,0.0,0,0.0,0.0,0.0,,0.0,0.0,,,,,21.0,1.0
87,South Coast B,South Coast B,ESCB-2.1-1_72.jpg,72337234,0,1.0,1.29,1.0,1.0,[1],1.0,7.0,9.0,"[1, 1, 1, 1, 1, 2, 2]",1.0,1.0,0.0,5.0,0.0,4.0,2.0,19.0
88,South Coast B,South Coast B,ESCB-2.1-1_75.jpg,72337237,1,1.0,1.21,1.0,1.0,[1],1.0,14.0,17.0,"[1, 1, 1, 1, 1, 1, 1, 1, 1, 1, 1, 1, 2, 3]",1.0,1.0,0.0,5.0,0.0,12.0,4.0,18.0
89,South Coast B,South Coast B,ESCB-2.1-1_80.jpg,72337242,2,1.5,1.6,1.0,1.0,[1],1.0,10.0,16.0,"[1, 1, 1, 1, 1, 2, 2, 2, 2, 3]",3.0,2.0,0.0,5.0,0.0,0.0,7.0,14.0
90,South Coast B,South Coast B,ESCB-2.1-1_89.jpg,72337251,1,1.0,1.05,1.0,1.0,[1],1.0,19.0,20.0,"[1, 1, 1, 1, 1, 1, 1, 1, 1, 1, 1, 1, 1, 1, 1, 1, 1, 1, 2]",2.0,1.0,0.0,5.0,0.0,15.0,0.0,21.0
91,South Coast B,South Coast B,ESCB-2.1-2_102.jpg,72337264,0,0.0,0.0,0.0,0.0,0,0.0,0.0,0.0,,0.0,0.0,,,,,20.0,1.0
92,South Coast B,South Coast B,ESCB-2.1-2_105.jpg,72337267,0,0.0,0.0,0.0,0.0,0,0.0,0.0,0.0,,0.0,0.0,,,,,21.0,0.0
93,South Coast B,South Coast B,ESCB-2.1-2_111.jpg,72337273,0,1.0,1.12,1.0,1.0,[1],1.0,8.0,9.0,"[1, 1, 1, 1, 1, 1, 1, 2]",1.0,1.0,0.0,5.0,0.0,4.0,8.0,13.0
94,South Coast B,South Coast B,ESCB-2.1-2_112.jpg,72337274,0,0.0,0.0,0.0,0.0,0,0.0,0.0,0.0,,0.0,0.0,,,,,21.0,0.0
95,South Coast B,South Coast B,ESCB-2.1-2_118.jpg,72337280,1,1.0,1.13,1.0,1.0,[1],1.0,15.0,17.0,"[1, 1, 1, 1, 1, 1, 1, 1, 1, 1, 1, 1, 1, 2, 2]",1.0,1.0,0.0,5.0,0.0,11.0,5.0,16.0
96,South Coast B,South Coast B,ESCB-2.1-2_37.jpg,72337295,2,2.0,1.83,2.0,2.0,[2],2.0,18.0,33.0,"[1, 1, 1, 1, 2, 2, 2, 2, 2, 2, 2, 2, 2, 2, 2, 2, 2, 3]",3.0,2.0,0.0,5.0,0.0,0.0,4.0,19.0
97,South Coast B,South Coast B,ESCB-2.1-2_39.jpg,72337297,5,2.0,2.42,2.0,2.0,[2],2.0,19.0,46.0,"[1, 1, 1, 1, 1, 2, 2, 2, 2, 2, 2, 3, 3, 3, 3, 4, 4, 4, 5]",4.0,4.0,0.0,5.0,0.0,0.0,2.0,19.0
98,South Coast B,South Coast B,ESCB-2.1-2_51.jpg,72337309,1,1.0,1.0,1.0,1.0,[1],1.0,6.0,6.0,"[1, 1, 1, 1, 1, 1]",0.0,1.0,0.0,5.0,0.0,1.0,14.0,7.0
99,South Coast B,South Coast B,ESCB-2.1-2_52.jpg,72337310,0,1.0,1.0,1.0,1.0,[1],1.0,6.0,6.0,"[1, 1, 1, 1, 1, 1]",1.0,1.0,0.0,5.0,0.0,1.0,14.0,7.0
100,South Coast B,South Coast B,ESCB-2.1-2_59.jpg,72337317,4,3.0,2.62,1.0,4.0,"[1, 4]",2.5,21.0,55.0,"[1, 1, 1, 1, 1, 1, 2, 2, 2, 2, 3, 3, 3, 3, 4, 4, 4, 4, 4, 4, 5]",3.0,4.0,0.0,5.0,0.0,1.0,0.0,22.0
101,South Coast B,South Coast B,ESCB-2.1-2_70.jpg,72337328,0,0.0,0.0,0.0,0.0,0,0.0,0.0,0.0,,0.0,0.0,,,,,21.0,0.0
102,South Coast B,South Coast B,ESCB-2.1-2_72.jpg,72337330,0,0.0,0.0,0.0,0.0,0,0.0,0.0,0.0,,0.0,0.0,,,,,21.0,0.0
103,South Coast B,South Coast B,ESCB-2.1-2_94.jpg,72337352,3,2.0,2.32,2.0,2.0,[2],2.0,19.0,44.0,"[1, 1, 1, 1, 2, 2, 2, 2, 2, 2, 2, 2, 3, 3, 3, 3, 4, 4, 4]",2.0,3.0,0.0,5.0,0.0,0.0,1.0,21.0
104,South Coast B,South Coast B,ESCB-2.1-2_95.jpg,72337353,0,0.0,0.0,0.0,0.0,0,0.0,0.0,0.0,,0.0,0.0,,,,,21.0,0.0
105,South Coast B,South Coast B,ESCB-2.1-2_98.jpg,72337356,1,1.0,1.2,1.0,1.0,[1],1.0,20.0,24.0,"[1, 1, 1, 1, 1, 1, 1, 1, 1, 1, 1, 1, 1, 1, 1, 1, 1, 1, 2, 4]",1.0,1.0,0.0,5.0,0.0,19.0,0.0,21.0
106,South Coast B,South Coast B,ESCB-2.2-1_19.jpg,72337372,0,0.0,0.0,0.0,0.0,0,0.0,0.0,0.0,,0.0,0.0,,,,,21.0,0.0
107,South Coast B,South Coast B,ESCB-2.2-1_21.jpg,72337374,0,2.0,2.0,2.0,2.0,[2],2.0,1.0,2.0,[2],0.0,0.0,0.0,0.0,0.0,0.0,19.0,2.0
108,South Coast B,South Coast B,ESCB-2.2-1_24.jpg,72337377,0,1.0,1.29,1.0,1.0,[1],1.0,7.0,9.0,"[1, 1, 1, 1, 1, 1, 3]",1.0,1.0,0.0,5.0,0.0,4.0,9.0,11.0
109,South Coast B,South Coast B,ESCB-2.2-1_36.jpg,72337389,5,5.0,4.64,4.0,5.0,"[4, 5]",4.5,22.0,102.0,"[2, 2, 4, 4, 4, 4, 4, 4, 4, 4, 5, 5, 5, 5, 5, 5, 5, 5, 6, 6, 7, 7]",4.0,4.0,0.0,5.0,0.0,1.0,0.0,22.0
110,South Coast B,South Coast B,ESCB-2.2-2_04.jpg,72337396,0,0.0,0.0,0.0,0.0,0,0.0,0.0,0.0,,0.0,0.0,,,,,21.0,0.0
111,South Coast B,South Coast B,ESCB-2.2-2_11.jpg,72337401,0,0.0,0.0,0.0,0.0,0,0.0,0.0,0.0,,0.0,0.0,,,,,21.0,0.0
112,South Coast B,South Coast B,ESCB-2.2-2_19.jpg,72337409,0,1.0,1.0,1.0,1.0,[1],1.0,1.0,1.0,[1],0.0,0.0,0.0,0.0,0.0,0.0,20.0,2.0
113,South Coast B,South Coast B,ESCB-2.2-2_31.jpg,72337421,3,3.0,2.47,3.0,3.0,[3],3.0,15.0,37.0,"[1, 1, 1, 1, 2, 2, 2, 3, 3, 3, 3, 3, 3, 3, 6]",4.0,3.0,0.0,5.0,0.0,0.0,3.0,19.0
114,South Coast F,South Coast F,ESCF01-1_07.jpg,72337425,0,0.0,0.0,0.0,0.0,0,0.0,0.0,0.0,,0.0,0.0,,,,,20.0,0.0
115,South Coast F,South Coast F,ESCF01-1_103.jpg,72337432,9,5.0,5.33,7.0,7.0,[7],7.0,21.0,112.0,"[1, 1, 2, 3, 3, 3, 4, 4, 4, 5, 5, 6, 7, 7, 7, 7, 7, 7, 8, 9, 12]",7.0,8.0,0.0,5.0,0.0,6.0,0.0,21.0
116,South Coast F,South Coast F,ESCF01-1_110.jpg,72337439,0,4.0,4.0,4.0,4.0,[4],4.0,1.0,4.0,[4],0.0,0.0,0.0,0.0,0.0,0.0,21.0,2.0
117,South Coast F,South Coast F,ESCF01-1_150.jpg,72337465,5,3.0,3.45,3.0,3.0,[3],3.0,20.0,69.0,"[1, 2, 2, 2, 3, 3, 3, 3, 3, 3, 3, 3, 4, 4, 5, 5, 5, 5, 5, 5]",3.0,4.0,0.0,5.0,0.0,6.0,1.0,20.0
118,South Coast F,South Coast F,ESCF01-1_183.jpg,72337473,1,1.0,1.14,1.0,1.0,[1],1.0,14.0,16.0,"[1, 1, 1, 1, 1, 1, 1, 1, 1, 1, 1, 1, 1, 3]",2.0,1.0,0.0,5.0,0.0,11.0,7.0,14.0
119,South Coast F,South Coast F,ESCF01-1_20.jpg,72337475,0,1.0,1.0,1.0,1.0,[1],1.0,1.0,1.0,[1],0.0,0.0,0.0,0.0,0.0,0.0,21.0,1.0
120,South Coast F,South Coast F,ESCF01-1_207.jpg,72337476,0,0.0,0.0,0.0,0.0,0,0.0,0.0,0.0,,0.0,0.0,,,,,22.0,0.0
121,South Coast F,South Coast F,ESCF01-1_22.jpg,72337480,0,0.0,0.0,0.0,0.0,0,0.0,0.0,0.0,,0.0,0.0,,,,,21.0,1.0
122,South Coast F,South Coast F,ESCF01-1_43.jpg,72337495,0,1.0,1.0,1.0,1.0,[1],1.0,1.0,1.0,[1],0.0,0.0,0.0,0.0,0.0,0.0,21.0,1.0
123,South Coast F,South Coast F,ESCF01-1_54.jpg,72337506,0,1.0,1.0,1.0,1.0,[1],1.0,2.0,2.0,"[1, 1]",0.0,0.0,0.0,0.0,0.0,0.0,19.0,2.0
124,South Coast F,South Coast F,ESCF01-1_55.jpg,72337507,0,0.0,0.0,0.0,0.0,0,0.0,0.0,0.0,,0.0,0.0,,,,,21.0,0.0
125,South Coast F,South Coast F,ESCF01-1_66.jpg,72337517,3,2.0,1.73,2.0,2.0,[2],2.0,15.0,26.0,"[1, 1, 1, 1, 1, 1, 2, 2, 2, 2, 2, 2, 2, 2, 4]",2.0,2.0,0.0,5.0,0.0,0.0,5.0,16.0
126,South Coast F,South Coast F,ESCF01-1_71.jpg,72337522,1,1.0,1.6,1.0,1.0,[1],1.0,10.0,16.0,"[1, 1, 1, 1, 1, 1, 2, 2, 2, 4]",1.0,1.0,0.0,5.0,0.0,11.0,11.0,10.0
127,South Coast F,South Coast F,ESCF01-1_72.jpg,72337523,0,0.0,0.0,0.0,0.0,0,0.0,0.0,0.0,,0.0,0.0,,,,,21.0,0.0
128,South Coast F,South Coast F,ESCF01-1_78.jpg,72337529,0,0.0,0.0,0.0,0.0,0,0.0,0.0,0.0,,0.0,0.0,,,,,21.0,0.0
129,South Coast F,South Coast F,ESCF01-2_04.jpg,72337553,0,1.0,1.0,1.0,1.0,[1],1.0,1.0,1.0,[1],0.0,0.0,0.0,0.0,0.0,0.0,20.0,1.0
130,South Coast F,South Coast F,ESCF01-2_08.jpg,72337557,6,4.0,4.33,5.0,5.0,[5],5.0,21.0,91.0,"[1, 2, 3, 3, 3, 3, 4, 4, 4, 4, 4, 4, 5, 5, 5, 5, 5, 5, 5, 7, 10]",4.0,4.0,0.0,5.0,0.0,6.0,0.0,21.0
131,South Coast F,South Coast F,ESCF01-2_21.jpg,72337565,0,1.0,1.14,1.0,1.0,[1],1.0,7.0,8.0,"[1, 1, 1, 1, 1, 1, 2]",1.0,1.0,0.0,5.0,0.0,3.0,0.0,22.0
132,South Coast F,South Coast F,ESCF01-2_24.jpg,72337568,6,5.0,5.14,4.0,4.0,[4],4.0,21.0,108.0,"[1, 1, 3, 4, 4, 4, 4, 4, 4, 5, 5, 6, 6, 6, 6, 7, 7, 7, 8, 8, 8]",5.0,6.0,0.0,5.0,0.0,3.0,0.0,21.0
133,South Coast F,South Coast F,ESCF01-2_30.jpg,72337571,7,3.0,3.44,4.0,4.0,[4],4.0,9.0,31.0,"[1, 1, 2, 3, 3, 4, 4, 4, 9]",5.0,3.0,0.0,5.0,0.0,6.0,11.0,10.0
134,South Coast F,South Coast F,ESCF01-2_33.jpg,72337574,4,3.0,3.73,3.0,3.0,[3],3.0,11.0,41.0,"[2, 3, 3, 3, 3, 3, 4, 4, 5, 5, 6]",3.0,4.0,0.0,5.0,0.0,4.0,11.0,11.0
135,South Coast F,South Coast F,ESCF01-2_40.jpg,72337581,4,5.0,4.83,5.0,7.0,"[5, 7]",6.0,12.0,58.0,"[1, 2, 3, 4, 5, 5, 5, 6, 6, 7, 7, 7]",4.0,4.0,0.0,5.0,0.0,4.0,9.0,12.0
136,South Coast F,South Coast F,ESCF01-2_63.jpg,72337602,0,0.0,0.0,0.0,0.0,0,0.0,0.0,0.0,,0.0,0.0,,,,,22.0,0.0
137,South Coast F,South Coast F,ESCF01-2_65.jpg,72337604,6,7.0,6.65,7.0,7.0,[7],7.0,20.0,133.0,"[4, 6, 6, 6, 6, 6, 6, 6, 7, 7, 7, 7, 7, 7, 7, 7, 7, 8, 8, 8]",7.0,7.0,0.0,5.0,0.0,1.0,1.0,20.0
138,South Coast F,South Coast F,ESCF01-3_107.jpg,72337618,0,1.0,1.0,1.0,1.0,[1],1.0,1.0,1.0,[1],0.0,0.0,0.0,0.0,0.0,0.0,20.0,1.0
139,South Coast F,South Coast F,ESCF01-3_123.jpg,72337633,0,0.0,0.0,0.0,0.0,0,0.0,0.0,0.0,,0.0,0.0,,,,,22.0,0.0
140,South Coast F,South Coast F,ESCF01-3_168.jpg,72337675,0,2.0,2.0,2.0,2.0,[2],2.0,1.0,2.0,[2],0.0,0.0,0.0,0.0,0.0,0.0,21.0,1.0
141,South Coast F,South Coast F,ESCF01-3_176.jpg,72337679,2,2.0,2.0,2.0,2.0,[2],2.0,6.0,12.0,"[1, 2, 2, 2, 2, 3]",2.0,1.0,0.0,5.0,0.0,1.0,14.0,8.0
142,South Coast F,South Coast F,ESCF01-3_177.jpg,72337680,0,1.0,1.0,1.0,1.0,[1],1.0,2.0,2.0,"[1, 1]",0.0,0.0,0.0,0.0,0.0,0.0,18.0,2.0
143,South Coast F,South Coast F,ESCF01-3_226.jpg,72337711,0,0.0,0.0,0.0,0.0,0,0.0,0.0,0.0,,0.0,0.0,,,,,20.0,1.0
144,South Coast F,South Coast F,ESCF01-3_40.jpg,72337721,1,0.0,0.0,0.0,0.0,0,0.0,0.0,0.0,,0.0,0.0,,,,,21.0,0.0
145,South Coast F,South Coast F,ESCF01-3_48.jpg,72337729,0,0.0,0.0,0.0,0.0,0,0.0,0.0,0.0,,0.0,0.0,,,,,21.0,0.0
146,South Coast F,South Coast F,ESCF01-3_49.jpg,72337730,0,0.0,0.0,0.0,0.0,0,0.0,0.0,0.0,,0.0,0.0,,,,,20.0,1.0
147,South Coast F,South Coast F,ESCF01-3_57.jpg,72337738,0,0.0,0.0,0.0,0.0,0,0.0,0.0,0.0,,0.0,0.0,,,,,21.0,0.0
148,South Coast F,South Coast F,ESCF01-3_77.jpg,72337757,0,0.0,0.0,0.0,0.0,0,0.0,0.0,0.0,,0.0,0.0,,,,,21.0,1.0
149,South Coast F,South Coast F,ESCF01-3_82.jpg,72337762,0,0.0,0.0,0.0,0.0,0,0.0,0.0,0.0,,0.0,0.0,,,,,21.0,0.0
150,South Coast F,South Coast F,ESCF01-3_94.jpg,72337774,0,0.0,0.0,0.0,0.0,0,0.0,0.0,0.0,,0.0,0.0,,,,,21.0,0.0
151,South Coast F,South Coast F,ESCF01-3_97.jpg,72337777,0,0.0,0.0,0.0,0.0,0,0.0,0.0,0.0,,0.0,0.0,,,,,22.0,1.0
152,South Coast G,South Coast G,ESCG01_105.jpg,72372992,2,1.0,1.36,1.0,1.0,[1],1.0,14.0,19.0,"[1, 1, 1, 1, 1, 1, 1, 1, 1, 1, 2, 2, 2, 3]",2.0,1.0,0.0,5.0,0.0,14.0,5.0,16.0
153,South Coast G,South Coast G,ESCG01_108.jpg,72372997,6,2.0,2.52,2.0,2.0,[2],2.0,21.0,53.0,"[1, 1, 1, 2, 2, 2, 2, 2, 2, 2, 2, 2, 3, 3, 3, 3, 3, 4, 4, 4, 5]",3.0,2.0,0.0,5.0,0.0,14.0,0.0,21.0
154,South Coast G,South Coast G,ESCG01_127.jpg,72373023,0,0.0,0.0,0.0,0.0,0,0.0,0.0,0.0,,0.0,0.0,,,,,22.0,0.0
155,South Coast G,South Coast G,ESCG01_128.jpg,72373025,0,1.0,1.0,1.0,1.0,[1],1.0,3.0,3.0,"[1, 1, 1]",0.0,0.0,0.0,0.0,0.0,0.0,7.0,14.0
156,South Coast G,South Coast G,ESCG01_129.jpg,72373027,2,1.0,1.42,1.0,1.0,[1],1.0,12.0,17.0,"[1, 1, 1, 1, 1, 1, 1, 1, 1, 2, 3, 3]",3.0,2.0,0.0,5.0,0.0,0.0,8.0,13.0
157,South Coast G,South Coast G,ESCG01_140.jpg,72373039,0,0.0,0.0,0.0,0.0,0,0.0,0.0,0.0,,0.0,0.0,,,,,19.0,2.0
158,South Coast G,South Coast G,ESCG01_143.jpg,72373044,3,2.0,2.0,1.0,3.0,"[1, 3]",2.0,9.0,18.0,"[1, 1, 1, 1, 2, 3, 3, 3, 3]",3.0,1.0,0.0,5.0,0.0,12.0,12.0,9.0
159,South Coast G,South Coast G,ESCG01_146.jpg,72373049,2,1.0,1.25,1.0,1.0,[1],1.0,20.0,25.0,"[1, 1, 1, 1, 1, 1, 1, 1, 1, 1, 1, 1, 1, 1, 1, 2, 2, 2, 2, 2]",2.0,1.0,0.0,5.0,0.0,20.0,0.0,21.0
160,South Coast G,South Coast G,ESCG01_148.jpg,72373053,1,1.0,1.67,1.0,1.0,[1],1.0,3.0,5.0,"[1, 1, 3]",0.0,1.0,0.0,5.0,0.0,0.0,18.0,3.0
161,South Coast G,South Coast G,ESCG01_150.jpg,72373056,1,1.0,1.0,1.0,1.0,[1],1.0,15.0,15.0,"[1, 1, 1, 1, 1, 1, 1, 1, 1, 1, 1, 1, 1, 1, 1]",2.0,1.0,0.0,5.0,0.0,10.0,6.0,15.0
162,South Coast G,South Coast G,ESCG01_160.jpg,72373074,0,1.5,1.5,1.0,2.0,"[1, 2]",1.5,2.0,3.0,"[1, 2]",0.0,0.0,0.0,0.0,0.0,0.0,14.0,8.0
163,South Coast G,South Coast G,ESCG01_172.jpg,72373086,2,2.0,1.71,2.0,2.0,[2],2.0,21.0,36.0,"[1, 1, 1, 1, 1, 1, 1, 2, 2, 2, 2, 2, 2, 2, 2, 2, 2, 2, 2, 2, 3]",2.0,2.0,0.0,5.0,0.0,0.0,1.0,21.0
164,South Coast G,South Coast G,ESCG01_184.jpg,72373097,2,2.0,2.0,2.0,2.0,[2],2.0,7.0,14.0,"[1, 1, 2, 2, 2, 3, 3]",2.0,2.0,0.0,5.0,0.0,0.0,14.0,7.0
165,South Coast G,South Coast G,ESCG01_202.jpg,72373120,1,1.0,1.5,1.0,1.0,[1],1.0,14.0,21.0,"[1, 1, 1, 1, 1, 1, 1, 1, 1, 2, 2, 2, 3, 3]",1.0,1.0,0.0,5.0,0.0,16.0,7.0,14.0
166,South Coast G,South Coast G,ESCG01_214.jpg,72373126,3,3.0,2.85,3.0,3.0,[3],3.0,20.0,57.0,"[1, 2, 2, 2, 2, 2, 2, 3, 3, 3, 3, 3, 3, 3, 3, 3, 4, 4, 4, 5]",3.0,3.0,0.0,5.0,0.0,0.0,0.0,22.0
167,South Coast G,South Coast G,ESCG01_232.jpg,72373144,0,1.0,1.0,1.0,1.0,[1],1.0,1.0,1.0,[1],0.0,0.0,0.0,0.0,0.0,0.0,20.0,1.0
168,South Coast G,South Coast G,ESCG01_247.jpg,72373151,0,0.0,0.0,0.0,0.0,0,0.0,0.0,0.0,,0.0,0.0,,,,,22.0,0.0
169,South Coast G,South Coast G,ESCG01_248.jpg,72373152,6,4.0,3.73,4.0,4.0,[4],4.0,15.0,56.0,"[1, 1, 1, 2, 2, 4, 4, 4, 4, 4, 4, 5, 5, 6, 9]",6.0,4.0,0.0,5.0,0.0,12.0,7.0,15.0
170,South Coast G,South Coast G,ESCG01_255.jpg,72373154,0,1.0,1.0,1.0,1.0,[1],1.0,1.0,1.0,[1],0.0,0.0,0.0,0.0,0.0,0.0,21.0,1.0
171,South Coast G,South Coast G,ESCG01_260.jpg,72373161,5,3.0,3.31,2.0,4.0,"[2, 4]",3.0,13.0,43.0,"[1, 2, 2, 2, 2, 3, 3, 4, 4, 4, 4, 5, 7]",2.0,2.0,0.0,5.0,0.0,2.0,6.0,15.0
172,South Coast G,South Coast G,ESCG01_261.jpg,72373163,2,1.0,1.27,1.0,1.0,[1],1.0,11.0,14.0,"[1, 1, 1, 1, 1, 1, 1, 1, 2, 2, 2]",2.0,2.0,0.0,5.0,0.0,0.0,11.0,11.0
173,South Coast G,South Coast G,ESCG01_31.jpg,72373186,3,2.0,1.91,1.0,1.0,[1],1.0,11.0,21.0,"[1, 1, 1, 1, 1, 2, 2, 2, 3, 3, 4]",2.0,2.0,0.0,5.0,0.0,6.0,3.0,18.0
174,South Coast G,South Coast G,ESCG01_321.jpg,72373188,0,0.0,0.0,0.0,0.0,0,0.0,0.0,0.0,,0.0,0.0,,,,,21.0,0.0
175,South Coast G,South Coast G,ESCG01_75.jpg,72373213,0,0.0,0.0,0.0,0.0,0,0.0,0.0,0.0,,0.0,0.0,,,,,22.0,0.0
176,South Coast G,South Coast G,ESCG01_79.jpg,72373219,0,0.0,0.0,0.0,0.0,0,0.0,0.0,0.0,,0.0,0.0,,,,,20.0,0.0
177,South Coast G,South Coast G,ESCG01_99.jpg,72373226,0,1.0,1.46,1.0,1.0,[1],1.0,13.0,19.0,"[1, 1, 1, 1, 1, 1, 1, 1, 1, 2, 2, 3, 3]",2.0,1.0,0.0,5.0,0.0,14.0,5.0,18.0
178,South Coast G,South Coast G,ESCG02-1_13.jpg,72373241,17,11.0,11.63,11.0,11.0,[11],11.0,19.0,221.0,"[1, 1, 2, 5, 6, 8, 9, 9, 10, 11, 11, 11, 11, 13, 14, 14, 18, 31, 36]",8.0,15.0,0.0,5.0,0.0,35.0,1.0,20.0
179,South Coast G,South Coast G,ESCG02-1_19.jpg,72373250,35,30.5,29.9,29.0,35.0,"[29, 30, 31, 35]",31.25,20.0,598.0,"[1, 14, 21, 23, 26, 28, 29, 29, 30, 30, 31, 31, 32, 35, 35, 36, 37, 39, 42, 49]",28.0,33.0,0.0,5.0,0.0,33.0,0.0,20.0
180,South Coast G,South Coast G,ESCG02-1_26.jpg,72373260,4,3.0,2.9,2.0,2.0,[2],2.0,20.0,58.0,"[2, 2, 2, 2, 2, 2, 2, 2, 3, 3, 3, 3, 3, 3, 3, 4, 4, 4, 4, 5]",4.0,4.0,0.0,5.0,0.0,1.0,1.0,20.0
181,South Coast G,South Coast G,ESCG02-1_39.jpg,72373278,0,0.0,0.0,0.0,0.0,0,0.0,0.0,0.0,,0.0,0.0,,,,,22.0,0.0
182,South Coast G,South Coast G,ESCG02-2_08.jpg,72373284,0,0.0,0.0,0.0,0.0,0,0.0,0.0,0.0,,0.0,0.0,,,,,22.0,0.0
183,South Coast G,South Coast G,ESCG02-2_20.jpg,72373289,0,1.0,1.0,1.0,1.0,[1],1.0,2.0,2.0,"[1, 1]",0.0,0.0,0.0,0.0,0.0,0.0,16.0,6.0
184,South Coast G,South Coast G,ESCG02-2_32.jpg,72373305,0,1.0,1.0,1.0,1.0,[1],1.0,1.0,1.0,[1],0.0,0.0,0.0,0.0,0.0,0.0,19.0,2.0
185,South Coast G,South Coast G,ESCG02-2_38.jpg,72373315,8,6.0,5.65,6.0,6.0,[6],6.0,17.0,96.0,"[1, 2, 3, 4, 4, 6, 6, 6, 6, 6, 6, 7, 7, 8, 8, 8, 8]",4.0,7.0,0.0,5.0,0.0,12.0,5.0,17.0
186,South Coast G,South Coast G,ESCG02-2_42.jpg,72373321,20,15.0,14.84,19.0,19.0,[19],19.0,19.0,282.0,"[4, 8, 9, 10, 11, 12, 12, 13, 14, 15, 16, 18, 18, 19, 19, 19, 21, 22, 22]",5.0,20.0,0.0,5.0,0.0,19.0,2.0,20.0
187,South Coast G,South Coast G,ESCG02-2_53.jpg,72373336,13,6.5,7.17,1.0,1.0,[1],1.0,18.0,129.0,"[1, 1, 1, 2, 2, 4, 5, 5, 6, 7, 9, 10, 11, 11, 13, 13, 14, 14]",9.0,10.0,0.0,5.0,0.0,5.0,4.0,18.0
188,South Coast G,South Coast G,ESCG02-2_57.jpg,72373342,0,2.0,2.0,2.0,2.0,[2],2.0,1.0,2.0,[2],0.0,0.0,0.0,0.0,0.0,0.0,19.0,2.0
189,South Coast G,South Coast G,ESCG02-2_63.jpg,72373348,1,1.0,1.25,1.0,1.0,[1],1.0,16.0,20.0,"[1, 1, 1, 1, 1, 1, 1, 1, 1, 1, 1, 1, 2, 2, 2, 2]",2.0,1.0,0.0,5.0,0.0,14.0,5.0,16.0
190,South Coast H,South Coast H,ESCH01-1_28.jpg,72337802,4,4.0,3.76,4.0,4.0,[4],4.0,21.0,79.0,"[2, 3, 3, 3, 3, 4, 4, 4, 4, 4, 4, 4, 4, 4, 4, 4, 4, 4, 4, 4, 5]",4.0,4.0,0.0,5.0,0.0,0.0,1.0,21.0
191,South Coast H,South Coast H,ESCH01-2_122.jpg,72337813,1,1.0,1.12,1.0,1.0,[1],1.0,17.0,19.0,"[1, 1, 1, 1, 1, 1, 1, 1, 1, 1, 1, 1, 1, 1, 1, 1, 3]",2.0,1.0,0.0,5.0,0.0,14.0,4.0,17.0
192,South Coast H,South Coast H,ESCH01-2_128.jpg,72337819,21,7.0,10.89,5.0,15.0,"[5, 6, 7, 15]",8.25,18.0,196.0,"[1, 2, 3, 4, 5, 5, 6, 6, 7, 7, 8, 14, 15, 15, 17, 21, 27, 33]",14.0,16.0,0.0,5.0,0.0,20.0,2.0,19.0
193,South Coast H,South Coast H,ESCH01-2_152.jpg,72337826,2,2.0,2.14,2.0,2.0,[2],2.0,14.0,30.0,"[2, 2, 2, 2, 2, 2, 2, 2, 2, 2, 2, 2, 3, 3]",2.0,2.0,0.0,5.0,0.0,2.0,7.0,14.0
194,South Coast H,South Coast H,ESCH01-2_180.jpg,72337834,3,1.0,1.23,1.0,1.0,[1],1.0,13.0,16.0,"[1, 1, 1, 1, 1, 1, 1, 1, 1, 1, 2, 2, 2]",2.0,1.0,0.0,5.0,0.0,11.0,8.0,13.0
195,South Coast H,South Coast H,ESCH01-2_181.jpg,72337835,1,1.0,1.33,1.0,1.0,[1],1.0,6.0,8.0,"[1, 1, 1, 1, 2, 2]",1.0,1.0,0.0,5.0,0.0,3.0,14.0,7.0
196,South Coast H,South Coast H,ESCH01-2_215.jpg,72337847,1,1.5,1.5,1.0,2.0,"[1, 2]",1.5,2.0,3.0,"[1, 2]",0.0,0.0,0.0,0.0,0.0,0.0,18.0,2.0
197,South Coast H,South Coast H,ESCH01-2_216.jpg,72337848,0,0.0,0.0,0.0,0.0,0,0.0,0.0,0.0,,0.0,0.0,,,,,21.0,0.0
198,South Coast H,South Coast H,ESCH01-2_248.jpg,72337854,0,1.0,1.0,1.0,1.0,[1],1.0,1.0,1.0,[1],0.0,0.0,0.0,0.0,0.0,0.0,20.0,1.0
199,South Coast H,South Coast H,ESCH01-2_370.jpg,72337871,11,11.0,9.71,11.0,11.0,[11],11.0,21.0,204.0,"[2, 4, 4, 7, 8, 8, 9, 9, 10, 10, 11, 11, 11, 11, 11, 11, 11, 12, 12, 13, 19]",7.0,11.0,0.0,5.0,0.0,12.0,0.0,21.0
200,South Coast H,South Coast H,ESCH01-3_185.jpg,72337926,3,1.0,1.73,1.0,1.0,[1],1.0,15.0,26.0,"[1, 1, 1, 1, 1, 1, 1, 1, 1, 1, 1, 1, 3, 3, 8]",3.0,2.0,0.0,5.0,0.0,0.0,2.0,19.0
201,South Coast H,South Coast H,ESCH01-3_293.jpg,72337933,1,1.0,1.37,1.0,1.0,[1],1.0,19.0,26.0,"[1, 1, 1, 1, 1, 1, 1, 1, 1, 1, 1, 1, 1, 2, 2, 2, 2, 2, 3]",2.0,1.0,0.0,5.0,0.0,21.0,4.0,19.0
202,South Coast H,South Coast H,ESCH01-3_365.jpg,72337937,6,4.0,3.62,3.0,4.0,"[3, 4]",3.5,13.0,47.0,"[1, 1, 2, 3, 3, 3, 4, 4, 4, 5, 5, 6, 6]",5.0,5.0,0.0,5.0,0.0,7.0,8.0,13.0
203,South Coast H,South Coast H,ESCH01-3_37.jpg,72337938,9,4.0,4.72,2.0,4.0,"[2, 4]",3.0,18.0,85.0,"[1, 1, 2, 2, 2, 3, 3, 4, 4, 4, 5, 6, 6, 7, 7, 8, 9, 11]",6.0,7.0,0.0,5.0,0.0,5.0,3.0,18.0
204,South Coast H,South Coast H,ESCH01-3_71.jpg,72337953,2,4.0,4.0,4.0,4.0,[4],4.0,3.0,12.0,"[4, 4, 4]",3.0,1.0,0.0,5.0,0.0,7.0,18.0,3.0
205,South Coast H,South Coast H,ESCH02-1_112.jpg,72337968,20,17.5,17.4,14.0,21.0,"[14, 20, 21]",18.333333333333332,20.0,348.0,"[11, 12, 14, 14, 14, 14, 16, 16, 16, 17, 18, 20, 20, 20, 20, 21, 21, 21, 21, 22]",18.0,20.0,0.0,5.0,0.0,18.0,0.0,21.0
206,South Coast H,South Coast H,ESCH02-1_141.jpg,72337980,11,9.0,9.64,9.0,9.0,[9],9.0,22.0,212.0,"[5, 6, 6, 7, 8, 8, 9, 9, 9, 9, 9, 9, 10, 10, 10, 11, 11, 11, 11, 14, 15, 15]",5.0,10.0,0.0,5.0,0.0,12.0,0.0,23.0
207,South Coast H,South Coast H,ESCH02-1_15.jpg,72337989,0,0.0,0.0,0.0,0.0,0,0.0,0.0,0.0,,0.0,0.0,,,,,21.0,0.0
208,South Coast H,South Coast H,ESCH02-1_233.jpg,72338030,0,0.0,0.0,0.0,0.0,0,0.0,0.0,0.0,,0.0,0.0,,,,,21.0,0.0
209,South Coast H,South Coast H,ESCH02-1_235.jpg,72338032,0,1.0,1.0,1.0,1.0,[1],1.0,1.0,1.0,[1],0.0,0.0,0.0,0.0,0.0,0.0,20.0,1.0
210,South Coast H,South Coast H,ESCH02-1_241.jpg,72338038,0,0.0,0.0,0.0,0.0,0,0.0,0.0,0.0,,0.0,0.0,,,,,22.0,0.0
211,South Coast H,South Coast H,ESCH02-1_243.jpg,72338040,0,1.0,1.0,1.0,1.0,[1],1.0,3.0,3.0,"[1, 1, 1]",0.0,0.0,0.0,0.0,0.0,0.0,6.0,15.0
212,South Coast H,South Coast H,ESCH02-1_246.jpg,72338043,2,1.0,1.2,1.0,1.0,[1],1.0,15.0,18.0,"[1, 1, 1, 1, 1, 1, 1, 1, 1, 1, 1, 1, 2, 2, 2]",2.0,1.0,0.0,5.0,0.0,13.0,7.0,15.0
213,South Coast H,South Coast H,ESCH02-1_296.jpg,72338081,0,0.0,0.0,0.0,0.0,0,0.0,0.0,0.0,,0.0,0.0,,,,,21.0,0.0
214,South Coast H,South Coast H,ESCH02-1_318.jpg,72338100,0,0.0,0.0,0.0,0.0,0,0.0,0.0,0.0,,0.0,0.0,,,,,21.0,0.0
215,South Coast H,South Coast H,ESCH02-1_350.jpg,72338126,2,2.0,1.85,2.0,2.0,[2],2.0,20.0,37.0,"[1, 1, 1, 1, 1, 2, 2, 2, 2, 2, 2, 2, 2, 2, 2, 2, 2, 2, 2, 4]",2.0,2.0,0.0,5.0,0.0,2.0,0.0,21.0
216,South Coast H,South Coast H,ESCH02-1_382.jpg,72338147,0,1.5,1.5,1.0,2.0,"[1, 2]",1.5,2.0,3.0,"[1, 2]",0.0,0.0,0.0,0.0,0.0,0.0,19.0,2.0
217,South Coast H,South Coast H,ESCH02-1_386.jpg,72338150,0,2.0,2.0,2.0,2.0,[2],2.0,1.0,2.0,[2],0.0,0.0,0.0,0.0,0.0,0.0,18.0,3.0
218,South Coast H,South Coast H,ESCH02-1_417.jpg,72338164,0,1.0,1.0,1.0,1.0,[1],1.0,2.0,2.0,"[1, 1]",0.0,0.0,0.0,0.0,0.0,0.0,19.0,2.0
219,South Coast H,South Coast H,ESCH02-1_439.jpg,72338173,0,0.0,0.0,0.0,0.0,0,0.0,0.0,0.0,,0.0,0.0,,,,,21.0,0.0
220,South Coast H,South Coast H,ESCH02-1_472.jpg,72338188,0,1.0,1.0,1.0,1.0,[1],1.0,3.0,3.0,"[1, 1, 1]",0.0,0.0,0.0,0.0,0.0,0.0,9.0,12.0
221,South Coast H,South Coast H,ESCH02-1_533.jpg,72338202,0,2.0,2.0,2.0,2.0,[2],2.0,1.0,2.0,[2],0.0,0.0,0.0,0.0,0.0,0.0,20.0,1.0
222,South Coast H,South Coast H,ESCH02-1_534.jpg,72338203,3,3.0,2.64,3.0,3.0,[3],3.0,14.0,37.0,"[1, 1, 2, 2, 2, 3, 3, 3, 3, 3, 3, 3, 3, 5]",2.0,4.0,0.0,5.0,0.0,2.0,6.0,16.0
223,South Coast H,South Coast H,ESCH02-2_18.jpg,72338234,0,1.0,1.0,1.0,1.0,[1],1.0,1.0,1.0,[1],0.0,0.0,0.0,0.0,0.0,0.0,21.0,1.0
224,South Coast H,South Coast H,ESCH02-2_19.jpg,72338235,0,0.0,0.0,0.0,0.0,0,0.0,0.0,0.0,,0.0,0.0,,,,,22.0,0.0
225,South Coast H,South Coast H,ESCH02-2_37.jpg,72338250,0,1.0,1.0,1.0,1.0,[1],1.0,1.0,1.0,[1],0.0,0.0,0.0,0.0,0.0,0.0,20.0,1.0
226,South Coast H,South Coast H,ESCH02-2_49.jpg,72338262,0,0.0,0.0,0.0,0.0,0,0.0,0.0,0.0,,0.0,0.0,,,,,21.0,0.0
227,South Coast H,South Coast H,ESCH02-2_72.jpg,72338285,0,1.0,1.0,1.0,1.0,[1],1.0,1.0,1.0,[1],0.0,0.0,0.0,0.0,0.0,0.0,20.0,1.0
228,Montura,Montura,FMO01_36.jpg,72338335,0,0.0,0.0,0.0,0.0,0,0.0,0.0,0.0,,0.0,0.0,,,,,21.0,0.0
229,Montura,Montura,FMO01_56.jpg,72338347,0,0.0,0.0,0.0,0.0,0,0.0,0.0,0.0,,0.0,0.0,,,,,20.0,1.0
230,Montura,Montura,FMO01_83.jpg,72338369,2,2.0,2.11,2.0,2.0,[2],2.0,18.0,38.0,"[2, 2, 2, 2, 2, 2, 2, 2, 2, 2, 2, 2, 2, 2, 2, 2, 3, 3]",2.0,2.0,0.0,5.0,0.0,0.0,3.0,18.0
231,Montura,Montura,FMO01_91.jpg,72338377,0,0.0,0.0,0.0,0.0,0,0.0,0.0,0.0,,0.0,0.0,,,,,22.0,0.0
232,Montura,Montura,FMO02-1_100.jpg,72338386,1,1.0,1.0,1.0,1.0,[1],1.0,3.0,3.0,"[1, 1, 1]",0.0,0.0,0.0,0.0,0.0,0.0,16.0,5.0
233,Montura,Montura,FMO02-1_122.jpg,72338407,0,0.0,0.0,0.0,0.0,0,0.0,0.0,0.0,,0.0,0.0,,,,,21.0,0.0
234,Montura,Montura,FMO02-1_142.jpg,72338426,0,0.0,0.0,0.0,0.0,0,0.0,0.0,0.0,,0.0,0.0,,,,,21.0,0.0
235,Montura,Montura,FMO02-1_150.jpg,72338433,0,0.0,0.0,0.0,0.0,0,0.0,0.0,0.0,,0.0,0.0,,,,,21.0,0.0
236,Montura,Montura,FMO02-1_158.jpg,72338441,1,2.5,2.5,2.0,3.0,"[2, 3]",2.5,2.0,5.0,"[2, 3]",0.0,1.0,0.0,5.0,0.0,0.0,20.0,2.0
237,Montura,Montura,FMO02-2_101.jpg,72338484,0,0.0,0.0,0.0,0.0,0,0.0,0.0,0.0,,0.0,0.0,,,,,21.0,0.0
238,Montura,Montura,FMO02-2_131.jpg,72338511,0,0.0,0.0,0.0,0.0,0,0.0,0.0,0.0,,0.0,0.0,,,,,21.0,0.0
239,Montura,Montura,FMO02-2_157.jpg,72338536,0,0.0,0.0,0.0,0.0,0,0.0,0.0,0.0,,0.0,0.0,,,,,21.0,0.0
240,Montura,Montura,FMO02-2_81.jpg,72338573,0,1.0,1.0,1.0,1.0,[1],1.0,1.0,1.0,[1],0.0,0.0,0.0,0.0,0.0,0.0,20.0,1.0
241,Montura,Montura,FMO03-1_27.jpg,72338596,0,1.0,1.0,1.0,1.0,[1],1.0,3.0,3.0,"[1, 1, 1]",0.0,0.0,0.0,0.0,0.0,0.0,16.0,4.0
242,Montura,Montura,FMO03-1_65.jpg,72338628,5,4.0,3.42,4.0,4.0,[4],4.0,19.0,65.0,"[1, 2, 2, 3, 3, 3, 3, 4, 4, 4, 4, 4, 4, 4, 4, 4, 4, 4, 4]",4.0,4.0,0.0,5.0,0.0,0.0,1.0,20.0
243,Montura,Montura,FMO03-1_72.jpg,72338635,4,3.0,2.63,4.0,4.0,[4],4.0,19.0,50.0,"[1, 1, 1, 1, 2, 2, 2, 2, 2, 3, 3, 3, 3, 4, 4, 4, 4, 4, 4]",2.0,4.0,0.0,5.0,0.0,2.0,1.0,20.0
244,Montura,Montura,FMO04-1_101.jpg,72338709,0,1.0,1.0,1.0,1.0,[1],1.0,10.0,10.0,"[1, 1, 1, 1, 1, 1, 1, 1, 1, 1]",1.0,1.0,0.0,5.0,0.0,5.0,4.0,16.0
245,Montura,Montura,FMO04-1_37.jpg,72338729,0,0.0,0.0,0.0,0.0,0,0.0,0.0,0.0,,0.0,0.0,,,,,22.0,0.0
246,Montura,Montura,FMO04-1_53.jpg,72338735,0,0.0,0.0,0.0,0.0,0,0.0,0.0,0.0,,0.0,0.0,,,,,22.0,0.0
247,Montura,Montura,FMO04-1_54.jpg,72338736,0,0.0,0.0,0.0,0.0,0,0.0,0.0,0.0,,0.0,0.0,,,,,21.0,0.0
248,Montura,Montura,FMO04-2_15.jpg,72338772,0,0.0,0.0,0.0,0.0,0,0.0,0.0,0.0,,0.0,0.0,,,,,20.0,1.0
249,Montura,Montura,FMO04-2_25.jpg,72338779,0,0.0,0.0,0.0,0.0,0,0.0,0.0,0.0,,0.0,0.0,,,,,21.0,0.0
250,Montura,Montura,FMO04-2_32.jpg,72338785,0,0.0,0.0,0.0,0.0,0,0.0,0.0,0.0,,0.0,0.0,,,,,21.0,0.0
251,Montura,Montura,FMO04-2_38.jpg,72338789,2,2.0,2.25,2.0,2.0,[2],2.0,16.0,36.0,"[2, 2, 2, 2, 2, 2, 2, 2, 2, 2, 2, 2, 2, 2, 4, 4]",2.0,2.0,0.0,5.0,0.0,1.0,2.0,19.0
252,Montura,Montura,FMO05-1_103.jpg,72338799,1,1.0,1.1,1.0,1.0,[1],1.0,21.0,23.0,"[1, 1, 1, 1, 1, 1, 1, 1, 1, 1, 1, 1, 1, 1, 1, 1, 1, 1, 1, 2, 2]",1.0,1.0,0.0,5.0,0.0,18.0,0.0,21.0
253,Montura,Montura,FMO05-1_110.jpg,72338806,0,0.0,0.0,0.0,0.0,0,0.0,0.0,0.0,,0.0,0.0,,,,,23.0,0.0
254,Montura,Montura,FMO05-1_123.jpg,72338811,0,0.0,0.0,0.0,0.0,0,0.0,0.0,0.0,,0.0,0.0,,,,,21.0,0.0
255,Montura,Montura,FMO05-1_62.jpg,72338870,6,4.0,5.18,4.0,4.0,[4],4.0,17.0,88.0,"[3, 4, 4, 4, 4, 4, 4, 4, 4, 4, 5, 5, 5, 6, 6, 8, 14]",5.0,5.0,0.0,5.0,0.0,10.0,3.0,19.0
256,Montura,Montura,FMO05-1_76.jpg,72338878,6,5.0,5.48,5.0,5.0,[5],5.0,21.0,115.0,"[4, 4, 4, 4, 5, 5, 5, 5, 5, 5, 5, 5, 6, 6, 6, 6, 7, 7, 7, 7, 7]",6.0,6.0,0.0,5.0,0.0,0.0,0.0,21.0
257,Montura,Montura,FMO05-2_07.jpg,72338894,1,1.0,1.05,1.0,1.0,[1],1.0,21.0,22.0,"[1, 1, 1, 1, 1, 1, 1, 1, 1, 1, 1, 1, 1, 1, 1, 1, 1, 1, 1, 1, 2]",2.0,1.0,0.0,5.0,0.0,17.0,0.0,22.0
258,Montura,Montura,FMO05-2_157.jpg,72338927,1,1.0,1.19,1.0,1.0,[1],1.0,21.0,25.0,"[1, 1, 1, 1, 1, 1, 1, 1, 1, 1, 1, 1, 1, 1, 1, 1, 1, 1, 2, 2, 3]",1.0,1.0,0.0,5.0,0.0,20.0,1.0,21.0
259,Montura,Montura,FMO06_185.jpg,72339017,4,3.0,3.0,3.0,3.0,[3],3.0,17.0,51.0,"[1, 2, 3, 3, 3, 3, 3, 3, 3, 3, 3, 3, 3, 3, 4, 4, 4]",3.0,3.0,0.0,5.0,0.0,0.0,3.0,18.0
260,Montura,Montura,FMO06_194.jpg,72339022,3,2.0,2.16,2.0,2.0,[2],2.0,19.0,41.0,"[1, 1, 2, 2, 2, 2, 2, 2, 2, 2, 2, 2, 2, 2, 2, 3, 3, 3, 4]",3.0,2.0,0.0,5.0,0.0,5.0,2.0,19.0
261,Montura,Montura,FMO06_206.jpg,72339029,7,6.0,6.0,7.0,7.0,[7],7.0,22.0,132.0,"[4, 4, 4, 4, 5, 5, 5, 5, 5, 6, 6, 6, 6, 7, 7, 7, 7, 7, 7, 7, 9, 9]",7.0,7.0,0.0,5.0,0.0,3.0,0.0,22.0
262,Montura,Montura,FMO06_25.jpg,72339035,0,0.0,0.0,0.0,0.0,0,0.0,0.0,0.0,,0.0,0.0,,,,,19.0,1.0
263,Montura,Montura,FMO06_45.jpg,72339049,3,4.0,3.74,4.0,4.0,[4],4.0,19.0,71.0,"[2, 2, 3, 3, 3, 3, 4, 4, 4, 4, 4, 4, 4, 4, 4, 4, 5, 5, 5]",5.0,4.0,0.0,5.0,0.0,0.0,2.0,19.0
264,Montura,Montura,FMO06_48.jpg,72339052,0,2.0,2.0,2.0,2.0,[2],2.0,1.0,2.0,[2],0.0,0.0,0.0,0.0,0.0,0.0,20.0,1.0
265,Montura,Montura,FMO06_76.jpg,72339066,0,0.0,0.0,0.0,0.0,0,0.0,0.0,0.0,,0.0,0.0,,,,,21.0,0.0
266,Punta Ayora,Punta Ayora,FPA01_149.jpg,72339097,0,10.0,10.0,10.0,10.0,[10],10.0,1.0,10.0,[10],1.0,2.0,0.0,5.0,0.0,0.0,21.0,1.0
267,Punta Ayora,Punta Ayora,FPA01_47.jpg,72339123,0,1.0,1.0,1.0,1.0,[1],1.0,1.0,1.0,[1],0.0,0.0,0.0,0.0,0.0,0.0,20.0,1.0
268,Punta Ayora,Punta Ayora,FPA01_75.jpg,72339137,0,0.0,0.0,0.0,0.0,0,0.0,0.0,0.0,,0.0,0.0,,,,,21.0,0.0
269,Punta Ayora,Punta Ayora,FPA02_132.jpg,72339156,0,1.0,1.0,1.0,1.0,[1],1.0,2.0,2.0,"[1, 1]",0.0,0.0,0.0,0.0,0.0,0.0,19.0,2.0
270,Punta Ayora,Punta Ayora,FPA02_162.jpg,72339166,0,1.0,1.0,1.0,1.0,[1],1.0,2.0,2.0,"[1, 1]",0.0,0.0,0.0,0.0,0.0,0.0,18.0,2.0
271,Punta Ayora,Punta Ayora,FPA02_185.jpg,72339172,0,1.0,1.0,1.0,1.0,[1],1.0,1.0,1.0,[1],0.0,0.0,0.0,0.0,0.0,0.0,20.0,2.0
272,Punta Ayora,Punta Ayora,FPA02_207.jpg,72339180,0,0.0,0.0,0.0,0.0,0,0.0,0.0,0.0,,0.0,0.0,,,,,22.0,0.0
273,Punta Ayora,Punta Ayora,FPA02_214.jpg,72339187,0,0.0,0.0,0.0,0.0,0,0.0,0.0,0.0,,0.0,0.0,,,,,22.0,0.0
274,Punta Ayora,Punta Ayora,FPA02_249.jpg,72339211,0,1.0,1.0,1.0,1.0,[1],1.0,1.0,1.0,[1],0.0,0.0,0.0,0.0,0.0,0.0,20.0,1.0
275,Punta Ayora,Punta Ayora,FPA02_259.jpg,72339220,0,0.0,0.0,0.0,0.0,0,0.0,0.0,0.0,,0.0,0.0,,,,,21.0,0.0
276,Punta Ayora,Punta Ayora,FPA02_267.jpg,72339223,0,1.0,1.0,1.0,1.0,[1],1.0,1.0,1.0,[1],0.0,0.0,0.0,0.0,0.0,0.0,19.0,2.0
277,Punta Ayora,Punta Ayora,FPA02_295.jpg,72339244,0,1.0,1.2,1.0,1.0,[1],1.0,5.0,6.0,"[1, 1, 1, 1, 2]",1.0,1.0,0.0,5.0,0.0,1.0,7.0,14.0
278,Punta Ayora,Punta Ayora,FPA02_302.jpg,72339249,0,0.0,0.0,0.0,0.0,0,0.0,0.0,0.0,,0.0,0.0,,,,,22.0,0.0
279,Punta Ayora,Punta Ayora,FPA02_316.jpg,72339263,0,1.0,1.0,1.0,1.0,[1],1.0,1.0,1.0,[1],0.0,0.0,0.0,0.0,0.0,0.0,20.0,1.0
280,Punta Ayora,Punta Ayora,FPA02_343.jpg,72339278,0,0.0,0.0,0.0,0.0,0,0.0,0.0,0.0,,0.0,0.0,,,,,21.0,0.0
281,Punta Ayora,Punta Ayora,FPA02_397.jpg,72339305,0,1.0,1.0,1.0,1.0,[1],1.0,1.0,1.0,[1],0.0,0.0,0.0,0.0,0.0,0.0,20.0,1.0
282,Punta Ayora,Punta Ayora,FPA02_399.jpg,72339307,0,1.0,1.0,1.0,1.0,[1],1.0,1.0,1.0,[1],0.0,0.0,0.0,0.0,0.0,0.0,21.0,1.0
283,Punta Ayora,Punta Ayora,FPA02_409.jpg,72339313,0,0.0,0.0,0.0,0.0,0,0.0,0.0,0.0,,0.0,0.0,,,,,22.0,0.0
284,Punta Ayora,Punta Ayora,FPA02_444.jpg,72339335,0,0.0,0.0,0.0,0.0,0,0.0,0.0,0.0,,0.0,0.0,,,,,23.0,0.0
285,Punta Ayora,Punta Ayora,FPA02_487.jpg,72339353,0,0.0,0.0,0.0,0.0,0,0.0,0.0,0.0,,0.0,0.0,,,,,23.0,0.0
286,Punta Ayora,Punta Ayora,FPA02_495.jpg,72339356,0,0.0,0.0,0.0,0.0,0,0.0,0.0,0.0,,0.0,0.0,,,,,22.0,0.0
287,Punta Ayora,Punta Ayora,FPA02_544.jpg,72339382,0,1.5,1.5,1.0,2.0,"[1, 2]",1.5,2.0,3.0,"[1, 2]",0.0,0.0,0.0,0.0,0.0,0.0,18.0,4.0
288,Punta Ayora,Punta Ayora,FPA02_550.jpg,72339388,0,0.0,0.0,0.0,0.0,0,0.0,0.0,0.0,,0.0,0.0,,,,,21.0,0.0
289,Punta Ayora,Punta Ayora,FPA02_554.jpg,72339390,0,0.0,0.0,0.0,0.0,0,0.0,0.0,0.0,,0.0,0.0,,,,,21.0,0.0
290,Punta Ayora,Punta Ayora,FPA02_578.jpg,72339410,12,7.5,7.4,7.0,7.0,[7],7.0,10.0,74.0,"[2, 6, 7, 7, 7, 8, 8, 9, 10, 10]",7.0,7.0,0.0,5.0,0.0,13.0,11.0,10.0
291,Punta Ayora,Punta Ayora,FPA02_584.jpg,72339416,0,0.0,0.0,0.0,0.0,0,0.0,0.0,0.0,,0.0,0.0,,,,,22.0,0.0
292,Punta Ayora,Punta Ayora,FPA03_15.jpg,72339500,0,0.0,0.0,0.0,0.0,0,0.0,0.0,0.0,,0.0,0.0,,,,,21.0,0.0
293,Punta Ayora,Punta Ayora,FPA03_54.jpg,72339561,1,1.0,1.05,1.0,1.0,[1],1.0,20.0,21.0,"[1, 1, 1, 1, 1, 1, 1, 1, 1, 1, 1, 1, 1, 1, 1, 1, 1, 1, 1, 2]",2.0,1.0,0.0,5.0,0.0,15.0,1.0,20.0
294,Punta Ayora,Punta Ayora,FPA04_115.jpg,72339636,0,0.0,0.0,0.0,0.0,0,0.0,0.0,0.0,,0.0,0.0,,,,,22.0,0.0
295,Punta Ayora,Punta Ayora,FPA04_139.jpg,72339655,1,1.0,1.0,1.0,1.0,[1],1.0,20.0,20.0,"[1, 1, 1, 1, 1, 1, 1, 1, 1, 1, 1, 1, 1, 1, 1, 1, 1, 1, 1, 1]",2.0,1.0,0.0,5.0,0.0,13.0,1.0,21.0
296,Punta Ayora,Punta Ayora,FPA04_151.jpg,72339662,24,22.0,19.32,24.0,24.0,[24],24.0,19.0,367.0,"[2, 4, 12, 13, 15, 16, 21, 21, 22, 22, 23, 23, 24, 24, 24, 24, 25, 25, 27]",25.0,25.0,0.0,5.0,0.0,15.0,0.0,21.0
297,Punta Ayora,Punta Ayora,FPA04_67.jpg,72339744,4,3.0,2.73,3.0,3.0,[3],3.0,15.0,41.0,"[1, 1, 2, 2, 2, 2, 3, 3, 3, 3, 3, 4, 4, 4, 4]",2.0,3.0,0.0,5.0,0.0,2.0,6.0,16.0
298,Punta Ayora,Punta Ayora,FPA04_74.jpg,72339756,0,0.0,0.0,0.0,0.0,0,0.0,0.0,0.0,,0.0,0.0,,,,,21.0,0.0
299,Punta Ayora,Punta Ayora,FPA05-1_145.jpg,72339816,0,0.0,0.0,0.0,0.0,0,0.0,0.0,0.0,,0.0,0.0,,,,,21.0,0.0
300,Punta Ayora,Punta Ayora,FPA05-1_180.jpg,72339837,0,0.0,0.0,0.0,0.0,0,0.0,0.0,0.0,,0.0,0.0,,,,,21.0,0.0
301,Punta Ayora,Punta Ayora,FPA05-1_402.jpg,72339905,0,0.0,0.0,0.0,0.0,0,0.0,0.0,0.0,,0.0,0.0,,,,,21.0,0.0
302,Punta Ayora,Punta Ayora,FPA05-2_104.jpg,72339933,0,2.0,2.0,2.0,2.0,[2],2.0,1.0,2.0,[2],0.0,0.0,0.0,0.0,0.0,0.0,21.0,1.0
303,Punta Ayora,Punta Ayora,FPA05-2_79.jpg,72340082,0,0.0,0.0,0.0,0.0,0,0.0,0.0,0.0,,0.0,0.0,,,,,21.0,0.0
304,South Coast A,South Coast A,FSCA01-1_12.jpg,72339413,0,0.0,0.0,0.0,0.0,0,0.0,0.0,0.0,,0.0,0.0,,,,,21.0,0.0
305,South Coast A,South Coast A,FSCA01-2_18.jpg,72339565,1,1.0,1.0,1.0,1.0,[1],1.0,17.0,17.0,"[1, 1, 1, 1, 1, 1, 1, 1, 1, 1, 1, 1, 1, 1, 1, 1, 1]",2.0,1.0,0.0,5.0,0.0,12.0,4.0,18.0
306,South Coast A,South Coast A,FSCA01-2_39.jpg,72339596,5,5.0,4.47,5.0,5.0,[5],5.0,19.0,85.0,"[1, 2, 3, 4, 4, 4, 5, 5, 5, 5, 5, 5, 5, 5, 5, 5, 5, 5, 7]",3.0,5.0,0.0,5.0,0.0,5.0,3.0,19.0
307,South Coast A,South Coast A,FSCA01-2_67.jpg,72339620,0,2.0,2.0,2.0,2.0,[2],2.0,1.0,2.0,[2],0.0,0.0,0.0,0.0,0.0,0.0,20.0,2.0
308,South Coast A,South Coast A,FSCA02-1_105.jpg,72339661,2,2.0,1.84,2.0,2.0,[2],2.0,19.0,35.0,"[1, 1, 1, 2, 2, 2, 2, 2, 2, 2, 2, 2, 2, 2, 2, 2, 2, 2, 2]",2.0,2.0,0.0,5.0,0.0,0.0,3.0,19.0
309,South Coast A,South Coast A,FSCA02-1_171.jpg,72339737,1,1.0,1.0,1.0,1.0,[1],1.0,15.0,15.0,"[1, 1, 1, 1, 1, 1, 1, 1, 1, 1, 1, 1, 1, 1, 1]",1.0,1.0,0.0,5.0,0.0,7.0,6.0,16.0
310,South Coast A,South Coast A,FSCA02-1_62.jpg,72339801,4,3.0,3.08,3.0,4.0,"[3, 4]",3.5,13.0,40.0,"[1, 2, 2, 3, 3, 3, 3, 3, 4, 4, 4, 4, 4]",4.0,4.0,0.0,5.0,0.0,0.0,7.0,13.0
311,South Coast A,South Coast A,FSCA02-1_73.jpg,72339817,2,1.0,1.11,1.0,1.0,[1],1.0,19.0,21.0,"[1, 1, 1, 1, 1, 1, 1, 1, 1, 1, 1, 1, 1, 1, 1, 1, 1, 2, 2]",2.0,2.0,0.0,5.0,0.0,7.0,2.0,19.0
312,South Coast A,South Coast A,FSCA02-2_67.jpg,72339900,2,2.0,2.36,2.0,2.0,[2],2.0,11.0,26.0,"[1, 1, 1, 2, 2, 2, 2, 3, 3, 3, 6]",3.0,3.0,0.0,5.0,0.0,2.0,10.0,11.0
313,South Coast A,South Coast A,FSCA03-1_100.jpg,72339928,0,0.0,0.0,0.0,0.0,0,0.0,0.0,0.0,,0.0,0.0,,,,,22.0,0.0
314,South Coast A,South Coast A,FSCA03-1_136.jpg,72339971,0,2.5,2.5,2.0,3.0,"[2, 3]",2.5,2.0,5.0,"[2, 3]",0.0,1.0,0.0,5.0,0.0,0.0,19.0,2.0
315,South Coast A,South Coast A,FSCA03-1_181.jpg,72340007,0,0.0,0.0,0.0,0.0,0,0.0,0.0,0.0,,0.0,0.0,,,,,22.0,0.0
316,South Coast A,South Coast A,FSCA03-1_235.jpg,72340083,0,1.0,1.0,1.0,1.0,[1],1.0,1.0,1.0,[1],0.0,0.0,0.0,0.0,0.0,0.0,20.0,1.0
317,South Coast A,South Coast A,FSCA03-1_44.jpg,72340151,0,0.0,0.0,0.0,0.0,0,0.0,0.0,0.0,,0.0,0.0,,,,,21.0,0.0
318,South Coast A,South Coast A,FSCA03-1_49.jpg,72340152,0,1.0,1.0,1.0,1.0,[1],1.0,1.0,1.0,[1],0.0,0.0,0.0,0.0,0.0,0.0,22.0,1.0
319,South Coast A,South Coast A,FSCA03-1_85.jpg,72340178,0,0.0,0.0,0.0,0.0,0,0.0,0.0,0.0,,0.0,0.0,,,,,21.0,0.0
320,South Coast A,South Coast A,FSCA03-2_132.jpg,72340245,0,0.0,0.0,0.0,0.0,0,0.0,0.0,0.0,,0.0,0.0,,,,,22.0,0.0
321,South Coast A,South Coast A,FSCA03-2_144.jpg,72340255,1,1.0,1.2,1.0,1.0,[1],1.0,5.0,6.0,"[1, 1, 1, 1, 2]",1.0,1.0,0.0,5.0,0.0,1.0,15.0,7.0
322,South Coast A,South Coast A,FSCA03-2_32.jpg,72340341,0,0.0,0.0,0.0,0.0,0,0.0,0.0,0.0,,0.0,0.0,,,,,20.0,0.0
323,South Coast A,South Coast A,FSCA03-2_75.jpg,72340377,0,1.0,1.0,1.0,1.0,[1],1.0,1.0,1.0,[1],0.0,0.0,0.0,0.0,0.0,0.0,21.0,1.0
324,South Coast A,South Coast A,FSCA04_110.jpg,72340414,0,0.0,0.0,0.0,0.0,0,0.0,0.0,0.0,,0.0,0.0,,,,,21.0,0.0
325,South Coast A,South Coast A,FSCA04_120.jpg,72340425,1,1.0,1.0,1.0,1.0,[1],1.0,2.0,2.0,"[1, 1]",0.0,0.0,0.0,0.0,0.0,0.0,10.0,12.0
326,South Coast A,South Coast A,FSCA04_227.jpg,72340561,0,0.0,0.0,0.0,0.0,0,0.0,0.0,0.0,,0.0,0.0,,,,,22.0,0.0
327,South Coast A,South Coast A,FSCA04_272.jpg,72340605,0,0.0,0.0,0.0,0.0,0,0.0,0.0,0.0,,0.0,0.0,,,,,21.0,0.0
328,South Coast A,South Coast A,FSCA04_315.jpg,72340642,0,0.0,0.0,0.0,0.0,0,0.0,0.0,0.0,,0.0,0.0,,,,,20.0,1.0
329,South Coast A,South Coast A,FSCA05-1_105.jpg,72340708,0,0.0,0.0,0.0,0.0,0,0.0,0.0,0.0,,0.0,0.0,,,,,21.0,0.0
330,South Coast A,South Coast A,FSCA05-1_108.jpg,72340711,0,0.0,0.0,0.0,0.0,0,0.0,0.0,0.0,,0.0,0.0,,,,,21.0,0.0
331,South Coast A,South Coast A,FSCA05-1_194.jpg,72340748,0,0.0,0.0,0.0,0.0,0,0.0,0.0,0.0,,0.0,0.0,,,,,22.0,0.0
332,South Coast A,South Coast A,FSCA05-1_47.jpg,72340800,0,0.0,0.0,0.0,0.0,0,0.0,0.0,0.0,,0.0,0.0,,,,,21.0,1.0
333,South Coast A,South Coast A,FSCA05-1_72.jpg,72340817,0,0.0,0.0,0.0,0.0,0,0.0,0.0,0.0,,0.0,0.0,,,,,22.0,0.0
334,South Coast A,South Coast A,FSCA05-1_73.jpg,72340819,0,0.0,0.0,0.0,0.0,0,0.0,0.0,0.0,,0.0,0.0,,,,,22.0,0.0
335,South Coast A,South Coast A,FSCA05-1_88.jpg,72340842,0,0.0,0.0,0.0,0.0,0,0.0,0.0,0.0,,0.0,0.0,,,,,21.0,0.0
336,South Coast A,South Coast A,FSCA05-2_121.jpg,72340901,0,0.0,0.0,0.0,0.0,0,0.0,0.0,0.0,,0.0,0.0,,,,,21.0,0.0
337,South Coast A,South Coast A,FSCA05-2_122.jpg,72340903,0,0.0,0.0,0.0,0.0,0,0.0,0.0,0.0,,0.0,0.0,,,,,21.0,0.0
338,South Coast A,South Coast A,FSCA05-2_208.jpg,72340970,0,4.0,4.0,4.0,4.0,[4],4.0,1.0,4.0,[4],0.0,0.0,0.0,0.0,0.0,0.0,21.0,1.0
339,South Coast A,South Coast A,FSCA05-2_35.jpg,72340997,0,0.0,0.0,0.0,0.0,0,0.0,0.0,0.0,,0.0,0.0,,,,,21.0,0.0
340,South Coast A,South Coast A,FSCA05-2_46.jpg,72341008,0,1.0,1.0,1.0,1.0,[1],1.0,1.0,1.0,[1],0.0,0.0,0.0,0.0,0.0,0.0,20.0,1.0
341,South Coast A,South Coast A,FSCA05-2_65.jpg,72341036,0,8.0,8.0,8.0,8.0,[8],8.0,1.0,8.0,[8],1.0,1.0,0.0,5.0,0.0,3.0,21.0,1.0
342,South Coast E,South Coast E,FSCE-1.1-1_31.jpg,72340214,0,0.0,0.0,0.0,0.0,0,0.0,0.0,0.0,,0.0,0.0,,,,,22.0,0.0
343,South Coast E,South Coast E,FSCE-1.1-1_46.jpg,72340228,0,0.0,0.0,0.0,0.0,0,0.0,0.0,0.0,,0.0,0.0,,,,,21.0,1.0
344,South Coast E,South Coast E,FSCE-1.1-1_50.jpg,72340236,0,0.0,0.0,0.0,0.0,0,0.0,0.0,0.0,,0.0,0.0,,,,,21.0,1.0
345,South Coast E,South Coast E,FSCE-1.1-1_55.jpg,72340246,0,0.0,0.0,0.0,0.0,0,0.0,0.0,0.0,,0.0,0.0,,,,,22.0,0.0
346,South Coast E,South Coast E,FSCE-1.1-1_69.jpg,72340273,1,1.0,1.0,1.0,1.0,[1],1.0,16.0,16.0,"[1, 1, 1, 1, 1, 1, 1, 1, 1, 1, 1, 1, 1, 1, 1, 1]",1.0,1.0,0.0,5.0,0.0,11.0,1.0,20.0
347,South Coast E,South Coast E,FSCE-1.1-1_74.jpg,72340283,0,0.0,0.0,0.0,0.0,0,0.0,0.0,0.0,,0.0,0.0,,,,,23.0,0.0
348,South Coast E,South Coast E,FSCE-1.1-1_76.jpg,72340287,1,1.0,1.6,1.0,1.0,[1],1.0,5.0,8.0,"[1, 1, 1, 2, 3]",2.0,1.0,0.0,5.0,0.0,3.0,14.0,7.0
349,South Coast E,South Coast E,FSCE-1.1-1_91.jpg,72340311,0,1.0,1.0,1.0,1.0,[1],1.0,1.0,1.0,[1],0.0,0.0,0.0,0.0,0.0,0.0,20.0,1.0
350,South Coast E,South Coast E,FSCE-1.1-1_96.jpg,72340320,0,3.0,3.0,3.0,3.0,[3],3.0,1.0,3.0,[3],0.0,0.0,0.0,0.0,0.0,0.0,18.0,3.0
351,South Coast E,South Coast E,FSCE-1.1-2_16.jpg,72340334,0,0.0,0.0,0.0,0.0,0,0.0,0.0,0.0,,0.0,0.0,,,,,21.0,0.0
352,South Coast E,South Coast E,FSCE-1.1-2_18.jpg,72340338,0,0.0,0.0,0.0,0.0,0,0.0,0.0,0.0,,0.0,0.0,,,,,22.0,0.0
353,South Coast E,South Coast E,FSCE-1.1-2_23.jpg,72340348,0,0.0,0.0,0.0,0.0,0,0.0,0.0,0.0,,0.0,0.0,,,,,21.0,0.0
354,South Coast E,South Coast E,FSCE-1.1-2_25.jpg,72340352,0,0.0,0.0,0.0,0.0,0,0.0,0.0,0.0,,0.0,0.0,,,,,21.0,0.0
355,South Coast E,South Coast E,FSCE-1.1-2_29.jpg,72340360,0,0.0,0.0,0.0,0.0,0,0.0,0.0,0.0,,0.0,0.0,,,,,21.0,0.0
356,South Coast E,South Coast E,FSCE-1.1-2_50.jpg,72340402,0,26.0,26.0,26.0,26.0,[26],26.0,1.0,26.0,[26],3.0,1.0,0.0,5.0,0.0,7.0,20.0,1.0
357,South Coast E,South Coast E,FSCE-1.1-2_72.jpg,72340444,1,1.0,1.0,1.0,1.0,[1],1.0,20.0,20.0,"[1, 1, 1, 1, 1, 1, 1, 1, 1, 1, 1, 1, 1, 1, 1, 1, 1, 1, 1, 1]",2.0,1.0,0.0,5.0,0.0,15.0,1.0,20.0
358,South Coast E,South Coast E,FSCE-1.1-2_79.jpg,72340458,0,1.5,1.5,1.0,2.0,"[1, 2]",1.5,2.0,3.0,"[1, 2]",0.0,0.0,0.0,0.0,0.0,0.0,18.0,3.0
359,South Coast E,South Coast E,FSCE-1.1-2_89.jpg,72340460,0,1.0,1.0,1.0,1.0,[1],1.0,1.0,1.0,[1],0.0,0.0,0.0,0.0,0.0,0.0,21.0,1.0
360,South Coast E,South Coast E,FSCE-1.1-2_94.jpg,72340469,1,1.0,1.0,1.0,1.0,[1],1.0,2.0,2.0,"[1, 1]",0.0,0.0,0.0,0.0,0.0,0.0,19.0,2.0
361,South Coast E,South Coast E,FSCE-1.2-1_14.jpg,72340476,1,1.0,1.07,1.0,1.0,[1],1.0,14.0,15.0,"[1, 1, 1, 1, 1, 1, 1, 1, 1, 1, 1, 1, 1, 2]",1.0,1.0,0.0,5.0,0.0,10.0,7.0,14.0
362,South Coast E,South Coast E,FSCE-1.2-1_19.jpg,72340485,0,0.0,0.0,0.0,0.0,0,0.0,0.0,0.0,,0.0,0.0,,,,,21.0,0.0
363,South Coast E,South Coast E,FSCE-1.2-1_51.jpg,72340532,2,1.0,1.24,1.0,1.0,[1],1.0,17.0,21.0,"[1, 1, 1, 1, 1, 1, 1, 1, 1, 1, 1, 1, 1, 2, 2, 2, 2]",3.0,1.0,0.0,5.0,0.0,16.0,4.0,17.0
364,South Coast E,South Coast E,FSCE-1.2-1_56.jpg,72340542,1,1.0,1.0,1.0,1.0,[1],1.0,19.0,19.0,"[1, 1, 1, 1, 1, 1, 1, 1, 1, 1, 1, 1, 1, 1, 1, 1, 1, 1, 1]",2.0,1.0,0.0,5.0,0.0,14.0,1.0,20.0
365,South Coast E,South Coast E,FSCE-1.2-2_14.jpg,72340557,0,1.0,1.0,1.0,1.0,[1],1.0,1.0,1.0,[1],0.0,0.0,0.0,0.0,0.0,0.0,19.0,2.0
366,South Coast E,South Coast E,FSCE-1.2-2_18.jpg,72340564,1,1.0,1.6,1.0,1.0,[1],1.0,5.0,8.0,"[1, 1, 1, 2, 3]",1.0,1.0,0.0,5.0,0.0,3.0,16.0,5.0
367,South Coast E,South Coast E,FSCE-1.2-2_19.jpg,72340565,0,1.0,1.33,1.0,1.0,[1],1.0,3.0,4.0,"[1, 1, 2]",0.0,0.0,0.0,0.0,0.0,0.0,20.0,3.0
368,South Coast E,South Coast E,FSCE-1.2-2_30.jpg,72340589,0,2.0,2.0,2.0,2.0,[2],2.0,1.0,2.0,[2],0.0,0.0,0.0,0.0,0.0,0.0,20.0,1.0
369,South Coast E,South Coast E,FSCE-1.2-2_33.jpg,72340594,1,2.0,1.7,2.0,2.0,[2],2.0,10.0,17.0,"[1, 1, 1, 2, 2, 2, 2, 2, 2, 2]",2.0,2.0,0.0,5.0,0.0,0.0,11.0,10.0
370,South Coast E,South Coast E,FSCE-1.2-2_41.jpg,72340609,1,1.0,1.0,1.0,1.0,[1],1.0,14.0,14.0,"[1, 1, 1, 1, 1, 1, 1, 1, 1, 1, 1, 1, 1, 1]",1.0,1.0,0.0,5.0,0.0,9.0,7.0,14.0
371,South Coast E,South Coast E,FSCE-1.2-2_43.jpg,72340613,2,2.0,1.8,2.0,2.0,[2],2.0,15.0,27.0,"[1, 1, 1, 2, 2, 2, 2, 2, 2, 2, 2, 2, 2, 2, 2]",2.0,2.0,0.0,5.0,0.0,0.0,7.0,15.0
372,South Coast E,South Coast E,FSCE-1.2-2_45.jpg,72340617,4,3.0,3.08,3.0,3.0,[3],3.0,12.0,37.0,"[2, 2, 3, 3, 3, 3, 3, 3, 3, 4, 4, 4]",2.0,3.0,0.0,5.0,0.0,5.0,9.0,12.0
373,South Coast E,South Coast E,FSCE-1.2-2_47.jpg,72340621,1,1.0,1.14,1.0,1.0,[1],1.0,7.0,8.0,"[1, 1, 1, 1, 1, 1, 2]",1.0,1.0,0.0,5.0,0.0,3.0,14.0,7.0
374,South Coast E,South Coast E,FSCE-1.2-2_52.jpg,72340632,0,0.0,0.0,0.0,0.0,0,0.0,0.0,0.0,,0.0,0.0,,,,,21.0,0.0
375,South Coast E,South Coast E,FSCE-1.2-2_54.jpg,72340641,1,1.0,1.0,1.0,1.0,[1],1.0,2.0,2.0,"[1, 1]",0.0,0.0,0.0,0.0,0.0,0.0,19.0,2.0
376,South Coast E,South Coast E,FSCE-1.2-2_56.jpg,72340647,1,1.0,1.11,1.0,1.0,[1],1.0,19.0,21.0,"[1, 1, 1, 1, 1, 1, 1, 1, 1, 1, 1, 1, 1, 1, 1, 1, 1, 2, 2]",2.0,1.0,0.0,5.0,0.0,16.0,2.0,19.0
377,South Coast E,South Coast E,FSCE-1.2-2_58.jpg,72340652,1,1.0,1.0,1.0,1.0,[1],1.0,3.0,3.0,"[1, 1, 1]",0.0,0.0,0.0,0.0,0.0,0.0,15.0,5.0
378,South Coast E,South Coast E,FSCE-1.2-2_61.jpg,72340657,0,1.0,1.0,1.0,1.0,[1],1.0,3.0,3.0,"[1, 1, 1]",0.0,0.0,0.0,0.0,0.0,0.0,11.0,10.0
379,South Coast E,South Coast E,FSCE-1.2-2_65.jpg,72340662,0,2.0,2.0,2.0,2.0,[2],2.0,1.0,2.0,[2],0.0,0.0,0.0,0.0,0.0,0.0,21.0,1.0
380,South Coast I,South Coast I,FSCI01-1_114.jpg,72340774,0,0.0,0.0,0.0,0.0,0,0.0,0.0,0.0,,0.0,0.0,,,,,21.0,0.0
381,South Coast I,South Coast I,FSCI01-1_131.jpg,72340808,0,1.0,1.07,1.0,1.0,[1],1.0,15.0,16.0,"[1, 1, 1, 1, 1, 1, 1, 1, 1, 1, 1, 1, 1, 1, 2]",1.0,1.0,0.0,5.0,0.0,11.0,0.0,21.0
382,South Coast I,South Coast I,FSCI01-1_147.jpg,72340833,0,0.0,0.0,0.0,0.0,0,0.0,0.0,0.0,,0.0,0.0,,,,,22.0,0.0
383,South Coast I,South Coast I,FSCI01-1_148.jpg,72340835,0,0.0,0.0,0.0,0.0,0,0.0,0.0,0.0,,0.0,0.0,,,,,21.0,0.0
384,South Coast I,South Coast I,FSCI01-1_150.jpg,72340838,1,1.0,1.0,1.0,1.0,[1],1.0,10.0,10.0,"[1, 1, 1, 1, 1, 1, 1, 1, 1, 1]",1.0,1.0,0.0,5.0,0.0,5.0,12.0,10.0
385,South Coast I,South Coast I,FSCI01-1_153.jpg,72340843,3,3.0,3.0,3.0,3.0,[3],3.0,20.0,60.0,"[3, 3, 3, 3, 3, 3, 3, 3, 3, 3, 3, 3, 3, 3, 3, 3, 3, 3, 3, 3]",3.0,3.0,0.0,5.0,0.0,0.0,0.0,21.0
386,South Coast I,South Coast I,FSCI01-1_180.jpg,72340880,0,0.0,0.0,0.0,0.0,0,0.0,0.0,0.0,,0.0,0.0,,,,,21.0,0.0
387,South Coast I,South Coast I,FSCI01-1_201.jpg,72340891,2,2.0,1.95,2.0,2.0,[2],2.0,19.0,37.0,"[1, 1, 2, 2, 2, 2, 2, 2, 2, 2, 2, 2, 2, 2, 2, 2, 2, 2, 3]",2.0,2.0,0.0,5.0,0.0,1.0,3.0,19.0
388,South Coast I,South Coast I,FSCI01-1_232.jpg,72340918,2,1.0,1.55,1.0,1.0,[1],1.0,20.0,31.0,"[1, 1, 1, 1, 1, 1, 1, 1, 1, 1, 1, 1, 1, 1, 2, 2, 2, 2, 2, 7]",3.0,2.0,0.0,5.0,0.0,0.0,1.0,21.0
389,South Coast I,South Coast I,FSCI01-1_260.jpg,72340928,0,0.0,0.0,0.0,0.0,0,0.0,0.0,0.0,,0.0,0.0,,,,,21.0,0.0
390,South Coast I,South Coast I,FSCI01-1_45.jpg,72340956,0,0.0,0.0,0.0,0.0,0,0.0,0.0,0.0,,0.0,0.0,,,,,21.0,0.0
391,South Coast I,South Coast I,FSCI01-1_48.jpg,72340963,0,0.0,0.0,0.0,0.0,0,0.0,0.0,0.0,,0.0,0.0,,,,,22.0,0.0
392,South Coast I,South Coast I,FSCI01-1_64.jpg,72340987,0,0.0,0.0,0.0,0.0,0,0.0,0.0,0.0,,0.0,0.0,,,,,21.0,0.0
393,South Coast I,South Coast I,FSCI01-1_69.jpg,72340992,0,0.0,0.0,0.0,0.0,0,0.0,0.0,0.0,,0.0,0.0,,,,,21.0,0.0
394,South Coast I,South Coast I,FSCI01-1_70.jpg,72340994,0,1.0,1.0,1.0,1.0,[1],1.0,1.0,1.0,[1],0.0,0.0,0.0,0.0,0.0,0.0,21.0,1.0
395,South Coast I,South Coast I,FSCI01-1_71.jpg,72340996,0,1.0,1.0,1.0,1.0,[1],1.0,1.0,1.0,[1],0.0,0.0,0.0,0.0,0.0,0.0,21.0,1.0
396,South Coast I,South Coast I,FSCI01-1_72.jpg,72340998,0,0.0,0.0,0.0,0.0,0,0.0,0.0,0.0,,0.0,0.0,,,,,22.0,0.0
397,South Coast I,South Coast I,FSCI01-1_84.jpg,72341020,0,0.0,0.0,0.0,0.0,0,0.0,0.0,0.0,,0.0,0.0,,,,,21.0,0.0
398,South Coast I,South Coast I,FSCI01-1_88.jpg,72341027,0,2.0,2.0,2.0,2.0,[2],2.0,1.0,2.0,[2],0.0,0.0,0.0,0.0,0.0,0.0,20.0,1.0
399,South Coast I,South Coast I,FSCI01-1_90.jpg,72341031,0,0.0,0.0,0.0,0.0,0,0.0,0.0,0.0,,0.0,0.0,,,,,21.0,0.0
400,South Coast I,South Coast I,FSCI01-2_172.jpg,72341069,0,1.0,1.0,1.0,1.0,[1],1.0,1.0,1.0,[1],0.0,0.0,0.0,0.0,0.0,0.0,20.0,1.0
401,South Coast I,South Coast I,FSCI01-2_254.jpg,72341083,0,0.0,0.0,0.0,0.0,0,0.0,0.0,0.0,,0.0,0.0,,,,,21.0,0.0
402,South Coast I,South Coast I,FSCI01-2_286.jpg,72341093,1,1.0,1.0,1.0,1.0,[1],1.0,14.0,14.0,"[1, 1, 1, 1, 1, 1, 1, 1, 1, 1, 1, 1, 1, 1]",1.0,1.0,0.0,5.0,0.0,8.0,6.0,15.0
403,South Coast I,South Coast I,FSCI01-2_344.jpg,72341106,0,0.0,0.0,0.0,0.0,0,0.0,0.0,0.0,,0.0,0.0,,,,,21.0,0.0
404,South Coast I,South Coast I,FSCI01-2_396.jpg,72341112,1,1.0,1.06,1.0,1.0,[1],1.0,16.0,17.0,"[1, 1, 1, 1, 1, 1, 1, 1, 1, 1, 1, 1, 1, 1, 1, 2]",1.0,1.0,0.0,5.0,0.0,7.0,5.0,17.0
405,South Coast I,South Coast I,FSCI01-2_430.jpg,72341123,0,0.0,0.0,0.0,0.0,0,0.0,0.0,0.0,,0.0,0.0,,,,,22.0,0.0
406,South Coast I,South Coast I,FSCI01-2_457.jpg,72341128,3,3.0,2.62,3.0,3.0,[3],3.0,21.0,55.0,"[2, 2, 2, 2, 2, 2, 2, 2, 2, 3, 3, 3, 3, 3, 3, 3, 3, 3, 3, 3, 4]",3.0,3.0,0.0,5.0,0.0,1.0,0.0,21.0
407,South Coast I,South Coast I,FSCI01-2_458.jpg,72341129,0,0.0,0.0,0.0,0.0,0,0.0,0.0,0.0,,0.0,0.0,,,,,21.0,0.0
408,South Coast I,South Coast I,FSCI01-2_490.jpg,72341140,0,1.0,1.0,1.0,1.0,[1],1.0,1.0,1.0,[1],0.0,0.0,0.0,0.0,0.0,0.0,19.0,2.0
409,South Coast I,South Coast I,FSCI01-2_511.jpg,72341155,0,0.0,0.0,0.0,0.0,0,0.0,0.0,0.0,,0.0,0.0,,,,,21.0,0.0
410,South Coast I,South Coast I,FSCI01-2_522.jpg,72341166,3,2.0,2.12,2.0,3.0,"[2, 3]",2.5,16.0,34.0,"[1, 1, 1, 1, 2, 2, 2, 2, 2, 2, 3, 3, 3, 3, 3, 3]",3.0,2.0,0.0,5.0,0.0,0.0,5.0,16.0
411,South Coast I,South Coast I,FSCI01-2_528.jpg,72341172,0,0.0,0.0,0.0,0.0,0,0.0,0.0,0.0,,0.0,0.0,,,,,22.0,0.0
412,South Coast I,South Coast I,FSCI01-2_531.jpg,72341175,0,0.0,0.0,0.0,0.0,0,0.0,0.0,0.0,,0.0,0.0,,,,,22.0,0.0
413,South Coast I,South Coast I,FSCI01-2_542.jpg,72341179,0,2.0,2.43,2.0,2.0,[2],2.0,7.0,17.0,"[1, 1, 2, 2, 2, 3, 6]",2.0,2.0,0.0,5.0,0.0,2.0,7.0,14.0
414,South Coast I,South Coast I,FSCI01-2_559.jpg,72341196,1,1.0,1.23,1.0,1.0,[1],1.0,13.0,16.0,"[1, 1, 1, 1, 1, 1, 1, 1, 1, 1, 2, 2, 2]",1.0,1.0,0.0,5.0,0.0,10.0,7.0,14.0
415,South Coast I,South Coast I,FSCI01-2_585.jpg,72341216,1,1.0,1.0,1.0,1.0,[1],1.0,15.0,15.0,"[1, 1, 1, 1, 1, 1, 1, 1, 1, 1, 1, 1, 1, 1, 1]",1.0,1.0,0.0,5.0,0.0,9.0,7.0,15.0
416,South Coast I,South Coast I,FSCI01-2_613.jpg,72341230,0,0.0,0.0,0.0,0.0,0,0.0,0.0,0.0,,0.0,0.0,,,,,21.0,0.0
417,South Coast I,South Coast I,FSCI01-2_85.jpg,72341231,0,0.0,0.0,0.0,0.0,0,0.0,0.0,0.0,,0.0,0.0,,,,,21.0,0.0
418,South Coast J,South Coast J,FSCJ01_100.jpg,72341236,5,5.0,4.85,5.0,5.0,[5],5.0,20.0,97.0,"[4, 4, 4, 4, 5, 5, 5, 5, 5, 5, 5, 5, 5, 5, 5, 5, 5, 5, 5, 6]",5.0,5.0,0.0,5.0,0.0,2.0,0.0,21.0
419,South Coast J,South Coast J,FSCJ01_102.jpg,72341238,0,0.0,0.0,0.0,0.0,0,0.0,0.0,0.0,,0.0,0.0,,,,,21.0,0.0
420,South Coast J,South Coast J,FSCJ01_107.jpg,72341243,0,0.0,0.0,0.0,0.0,0,0.0,0.0,0.0,,0.0,0.0,,,,,21.0,0.0
421,South Coast J,South Coast J,FSCJ01_140.jpg,72341273,3,2.0,2.0,2.0,2.0,[2],2.0,12.0,24.0,"[1, 2, 2, 2, 2, 2, 2, 2, 2, 2, 2, 3]",2.0,2.0,0.0,5.0,0.0,1.0,9.0,12.0
422,South Coast J,South Coast J,FSCJ01_205.jpg,72341302,12,10.0,9.89,8.0,10.0,"[8, 10]",9.0,19.0,188.0,"[5, 6, 8, 8, 8, 8, 9, 9, 10, 10, 10, 10, 11, 11, 11, 12, 12, 13, 17]",12.0,12.0,0.0,5.0,0.0,5.0,0.0,20.0
423,South Coast J,South Coast J,FSCJ01_206.jpg,72341303,0,1.0,1.25,1.0,1.0,[1],1.0,4.0,5.0,"[1, 1, 1, 2]",1.0,1.0,0.0,5.0,0.0,0.0,9.0,14.0
424,South Coast J,South Coast J,FSCJ01_230.jpg,72341308,0,0.0,0.0,0.0,0.0,0,0.0,0.0,0.0,,0.0,0.0,,,,,21.0,0.0
425,South Coast J,South Coast J,FSCJ01_53.jpg,72341328,0,0.0,0.0,0.0,0.0,0,0.0,0.0,0.0,,0.0,0.0,,,,,21.0,0.0
426,South Coast J,South Coast J,FSCJ01_76.jpg,72341347,0,0.0,0.0,0.0,0.0,0,0.0,0.0,0.0,,0.0,0.0,,,,,22.0,0.0
427,South Coast J,South Coast J,FSCJ01_87.jpg,72341358,0,0.0,0.0,0.0,0.0,0,0.0,0.0,0.0,,0.0,0.0,,,,,21.0,0.0
428,South Coast J,South Coast J,FSCJ02-1_109.jpg,72341374,0,0.0,0.0,0.0,0.0,0,0.0,0.0,0.0,,0.0,0.0,,,,,21.0,0.0
429,South Coast J,South Coast J,FSCJ02-1_119.jpg,72341381,0,1.0,1.0,1.0,1.0,[1],1.0,1.0,1.0,[1],0.0,0.0,0.0,0.0,0.0,0.0,20.0,1.0
430,South Coast J,South Coast J,FSCJ02-1_127.jpg,72341387,0,0.0,0.0,0.0,0.0,0,0.0,0.0,0.0,,0.0,0.0,,,,,20.0,1.0
431,South Coast J,South Coast J,FSCJ02-1_146.jpg,72341400,0,0.0,0.0,0.0,0.0,0,0.0,0.0,0.0,,0.0,0.0,,,,,21.0,0.0
432,South Coast J,South Coast J,FSCJ02-1_147.jpg,72341401,0,0.0,0.0,0.0,0.0,0,0.0,0.0,0.0,,0.0,0.0,,,,,21.0,0.0
433,South Coast J,South Coast J,FSCJ02-1_15.jpg,72341404,0,2.0,2.0,2.0,2.0,[2],2.0,1.0,2.0,[2],0.0,0.0,0.0,0.0,0.0,0.0,20.0,1.0
434,South Coast J,South Coast J,FSCJ02-1_155.jpg,72341406,1,1.0,1.0,1.0,1.0,[1],1.0,20.0,20.0,"[1, 1, 1, 1, 1, 1, 1, 1, 1, 1, 1, 1, 1, 1, 1, 1, 1, 1, 1, 1]",2.0,1.0,0.0,5.0,0.0,14.0,2.0,20.0
435,South Coast J,South Coast J,FSCJ02-1_156.jpg,72341407,1,1.0,1.0,1.0,1.0,[1],1.0,22.0,22.0,"[1, 1, 1, 1, 1, 1, 1, 1, 1, 1, 1, 1, 1, 1, 1, 1, 1, 1, 1, 1, 1, 1]",3.0,1.0,0.0,5.0,0.0,17.0,0.0,22.0
436,South Coast J,South Coast J,FSCJ02-1_25.jpg,72341422,0,0.0,0.0,0.0,0.0,0,0.0,0.0,0.0,,0.0,0.0,,,,,21.0,0.0
437,South Coast J,South Coast J,FSCJ02-1_34.jpg,72341427,1,1.0,1.0,1.0,1.0,[1],1.0,20.0,20.0,"[1, 1, 1, 1, 1, 1, 1, 1, 1, 1, 1, 1, 1, 1, 1, 1, 1, 1, 1, 1]",1.0,1.0,0.0,5.0,0.0,15.0,0.0,21.0
438,South Coast J,South Coast J,FSCJ02-1_37.jpg,72341430,0,1.0,1.0,1.0,1.0,[1],1.0,1.0,1.0,[1],0.0,0.0,0.0,0.0,0.0,0.0,20.0,1.0
439,South Coast J,South Coast J,FSCJ02-1_43.jpg,72341431,1,1.0,1.0,1.0,1.0,[1],1.0,6.0,6.0,"[1, 1, 1, 1, 1, 1]",0.0,1.0,0.0,5.0,0.0,1.0,14.0,7.0
440,South Coast J,South Coast J,FSCJ02-1_45.jpg,72341433,0,1.0,1.0,1.0,1.0,[1],1.0,1.0,1.0,[1],0.0,0.0,0.0,0.0,0.0,0.0,21.0,1.0
441,South Coast J,South Coast J,FSCJ02-1_83.jpg,72341453,5,6.0,5.71,6.0,6.0,[6],6.0,21.0,120.0,"[4, 5, 5, 5, 5, 5, 5, 6, 6, 6, 6, 6, 6, 6, 6, 6, 6, 6, 6, 7, 7]",4.0,6.0,0.0,5.0,0.0,4.0,0.0,22.0
442,South Coast J,South Coast J,FSCJ02-2_04.jpg,72341468,0,0.0,0.0,0.0,0.0,0,0.0,0.0,0.0,,0.0,0.0,,,,,21.0,0.0
443,South Coast J,South Coast J,FSCJ02-2_05.jpg,72341469,0,1.0,1.0,1.0,1.0,[1],1.0,1.0,1.0,[1],0.0,0.0,0.0,0.0,0.0,0.0,21.0,1.0
444,South Coast J,South Coast J,FSCJ02-2_127.jpg,72341485,0,0.0,0.0,0.0,0.0,0,0.0,0.0,0.0,,0.0,0.0,,,,,21.0,0.0
445,South Coast J,South Coast J,FSCJ02-2_146.jpg,72341497,0,1.0,1.0,1.0,1.0,[1],1.0,1.0,1.0,[1],0.0,0.0,0.0,0.0,0.0,0.0,20.0,1.0
446,South Coast J,South Coast J,FSCJ02-2_183.jpg,72341525,0,0.0,0.0,0.0,0.0,0,0.0,0.0,0.0,,0.0,0.0,,,,,21.0,0.0
447,South Coast J,South Coast J,FSCJ02-2_185.jpg,72341527,0,0.0,0.0,0.0,0.0,0,0.0,0.0,0.0,,0.0,0.0,,,,,23.0,0.0
448,South Coast J,South Coast J,FSCJ02-2_208.jpg,72341545,4,4.0,3.94,4.0,4.0,[4],4.0,18.0,71.0,"[3, 4, 4, 4, 4, 4, 4, 4, 4, 4, 4, 4, 4, 4, 4, 4, 4, 4]",4.0,4.0,0.0,5.0,0.0,1.0,3.0,18.0
449,South Coast J,South Coast J,FSCJ02-2_220.jpg,72341559,1,1.0,1.25,1.0,1.0,[1],1.0,20.0,25.0,"[1, 1, 1, 1, 1, 1, 1, 1, 1, 1, 1, 1, 1, 1, 1, 1, 1, 1, 2, 5]",2.0,1.0,0.0,5.0,0.0,20.0,0.0,21.0
450,South Coast J,South Coast J,FSCJ02-2_233.jpg,72341570,1,1.0,1.33,1.0,1.0,[1],1.0,9.0,12.0,"[1, 1, 1, 1, 1, 1, 1, 1, 4]",1.0,1.0,0.0,5.0,0.0,7.0,9.0,12.0
451,South Coast J,South Coast J,FSCJ02-2_243.jpg,72341576,3,1.0,1.53,1.0,1.0,[1],1.0,15.0,23.0,"[1, 1, 1, 1, 1, 1, 1, 1, 1, 2, 2, 2, 2, 2, 4]",2.0,2.0,0.0,5.0,0.0,2.0,6.0,15.0
452,South Coast J,South Coast J,FSCJ02-2_251.jpg,72341585,1,0.0,0.0,0.0,0.0,0,0.0,0.0,0.0,,0.0,0.0,,,,,21.0,0.0
453,South Coast J,South Coast J,FSCJ02-2_269.jpg,72341593,5,4.0,5.05,4.0,5.0,"[4, 5]",4.5,19.0,96.0,"[2, 2, 2, 3, 3, 3, 4, 4, 4, 4, 5, 5, 5, 5, 6, 8, 8, 10, 13]",7.0,7.0,0.0,5.0,0.0,10.0,3.0,19.0
454,South Coast J,South Coast J,FSCJ02-2_59.jpg,72341609,0,0.0,0.0,0.0,0.0,0,0.0,0.0,0.0,,0.0,0.0,,,,,22.0,0.0
455,South Coast J,South Coast J,FSCJ02-2_93.jpg,72341627,1,1.0,1.05,1.0,1.0,[1],1.0,21.0,22.0,"[1, 1, 1, 1, 1, 1, 1, 1, 1, 1, 1, 1, 1, 1, 1, 1, 1, 1, 1, 1, 2]",2.0,1.0,0.0,5.0,0.0,17.0,0.0,22.0
